gameId,playId,playDescription,punt_team,return_team,punt_distance,punt_direction,kick_type,hang_time,closest_gunner_dist,furthest_blocker_dist,wp_fc,wp_return,wp_bounce,adv_return_vs_fc,adv_bounce_vs_fc,best_action,best_wp
2018090600,366,"(9:20) C.Johnston punts 56 yards to ATL 36, Center-R.Lovato. J.Hardy to ATL 41 for 5 yards (K.Grugier-Hill). PENALTY on PHI-S.Gibson, Unsportsmanlike Conduct, 15 yards, enforced at ATL 41.",PHI,ATL,56,C,N,4.46,20.51315919111437,51.37131495299687,0.4332079589366913,0.4554838446776072,0.4278383390108744,0.022275885740915935,-0.00536961992581686,RETURN,0.4554838446776072
2018090600,1989,"(:44) M.Bosher punts 57 yards to PHI 17, Center-J.Overbaugh. D.Sproles to PHI 25 for 8 yards (B.Poole). PENALTY on PHI-L.Reynolds, Unnecessary Roughness, 12 yards, enforced at PHI 25.",ATL,PHI,57,C,N,4.62,11.032955179823768,35.15116641023452,0.42198988795280457,0.4411770111322403,0.4174263018369675,0.019187123179435717,-0.0045635861158370705,RETURN,0.4411770111322403
2018090600,2599,"(10:22) M.Bosher punts 46 yards to PHI 28, Center-J.Overbaugh. D.Sproles to PHI 37 for 9 yards (F.Oluokun).",ATL,PHI,46,L,N,4.16,5.008193287004797,43.18628717544493,0.43347692489624023,0.44481772859891255,0.4299340671300888,0.01134080370267232,-0.0035428577661514304,RETURN,0.44481772859891255
2018090600,3225,"(:34) M.Bosher punts 38 yards to PHI 32, Center-J.Overbaugh. T.Sullivan MUFFS catch, touched at PHI 32, RECOVERED by ATL-K.Ishmael at PHI 32. K.Ishmael to PHI 32 for no gain (L.Reynolds).",ATL,PHI,38,L,N,4.08,4.458519933789686,30.120698863074217,0.735437273979187,0.7392972157398859,0.729326652487119,0.003859941760698926,-0.00611062149206798,RETURN,0.7392972157398859
2018090600,3868,"(5:04) M.Bosher punts 52 yards to PHI 19, Center-J.Overbaugh. D.Sproles to PHI 31 for 12 yards (E.Saubert; K.Ishmael). PENALTY on ATL-E.Saubert, Face Mask (15 Yards), 15 yards, enforced at PHI 31.",ATL,PHI,52,C,N,4.4,5.005486989294851,55.22939887415034,0.4504992663860321,0.46796633968750634,0.4445763916770617,0.017467073301474234,-0.005922874708970405,RETURN,0.46796633968750634
2018090900,485,"(7:25) (Punt formation) C.Bojorquez punts 46 yards to BAL 26, Center-R.Ferguson. J.Grant to BAL 25 for -1 yards (P.DiMarco).",BUF,BAL,46,R,N,4.34,7.960226127441352,37.59665543635498,0.7748363018035889,0.7746820727984111,0.7608576182524364,-1.5422900517780835e-4,-0.013978683551152504,FAIR_CATCH,0.7748363018035889
2018090900,575,"(6:37) (Punt formation) S.Koch punts 63 yards to BUF 11, Center-M.Cox. J.Kerley to BUF 15 for 4 yards (T.Bowser, C.Clark).",BAL,BUF,63,L,A,4.2,24.183475763421608,59.17649279908366,0.23566876351833344,0.25655063341061274,0.2342387496928374,0.020881869892279303,-0.0014300138254960404,RETURN,0.25655063341061274
2018090900,674,"(5:43) (Punt formation) C.Bojorquez punts 51 yards to BAL 31, Center-R.Ferguson. J.Grant to BAL 34 for 3 yards (L.Alexander).",BUF,BAL,51,C,N,4.78,5.479598525439616,50.37685976715896,0.7768243551254272,0.7814442950487137,0.7706987402836482,0.004619939923286465,-0.006125614841779092,RETURN,0.7814442950487137
2018090900,1136,"(14:21) (Punt formation) C.Bojorquez punts 49 yards to BAL 29, Center-R.Ferguson. J.Grant to BUF 20 for 51 yards (L.Alexander).",BUF,BAL,49,C,N,3.62,11.773941566017724,54.8149468667078,0.8882493376731873,0.8927329101165136,0.8868239994843801,0.004483572443326311,-0.0014253381888071903,RETURN,0.8927329101165136
2018090900,1360,"(12:09) (Punt formation) C.Bojorquez punts 50 yards to BAL 29, Center-R.Ferguson. J.Grant to BAL 30 for 1 yard (A.Holmes).",BUF,BAL,50,C,N,4.52,4.843325303962157,42.01980604429298,0.9112223386764526,0.9141440043846766,0.9099788864453634,0.0029216657082239417,-0.001243452231089237,RETURN,0.9141440043846766
2018090900,2097,"(3:01) (Punt formation) C.Bojorquez punts 52 yards to BAL 21, Center-R.Ferguson. J.Grant MUFFS catch, ball out of bounds at BAL 15.",BUF,BAL,58,C,N,4.67,2.658495815306083,34.04474261908878,0.9588570594787598,0.9607308001816273,0.9574104265371959,0.001873740702867499,-0.0014466329415638857,RETURN,0.9607308001816273
2018090900,3079,"(8:22) (Punt formation) S.Koch punts 46 yards to BUF 31, Center-M.Cox. J.Kerley to BUF 37 for 6 yards (M.Canady).",BAL,BUF,46,C,N,4.06,16.55235632772567,35.77050460924476,7.213788339868188e-4,6.644544542844718e-4,6.542264379095286e-4,-5.692437970234701e-5,-6.715239607729023e-5,FAIR_CATCH,7.213788339868188e-4
2018090900,3655,"(14:47) (Punt formation) S.Koch punts 50 yards to BUF 9, Center-M.Cox. M.Murphy to BUF 18 for 9 yards (M.Canady).",BAL,BUF,50,L,N,4.07,14.076285021268925,36.34024353248063,9.667753329267725e-5,8.033990874537267e-5,8.701821840077174e-5,-1.6337624547304582e-5,-9.659314891905516e-6,FAIR_CATCH,9.667753329267725e-5
2018090900,3851,"(12:05) (Punt formation) C.Bojorquez punts 54 yards to BAL 11, Center-R.Ferguson. J.Grant to BAL 11 for no gain (T.Jones).",BUF,BAL,54,R,N,3.23,11.651956917187771,57.158189264531465,0.9999188184738159,0.9999082376053411,0.999870802561442,-1.0580868474829863e-5,-4.801591237391101e-5,FAIR_CATCH,0.9999188184738159
2018090901,588,"(6:34) (Punt formation) B.Colquitt punts 47 yards to PIT 28, Center-C.Hughlett. R.Switzer to 50 for 22 yards (B.Boddy-Calhoun).",CLE,PIT,47,C,N,4.02,5.262090839200705,50.907391408321054,0.4279120862483978,0.44446513851483666,0.42530021329720813,0.016553052266438828,-0.0026118729511896976,RETURN,0.44446513851483666
2018090901,887,"(2:07) (Punt formation) B.Colquitt punts 52 yards to PIT 22, Center-C.Hughlett. R.Switzer to CLE 44 for 34 yards (N.Chubb). PENALTY on PIT-D.Heyward-Bey, Offensive Holding, 10 yards, enforced at PIT 22. Penalty on PIT-R.Nix, Offensive Holding, declined.",CLE,PIT,52,C,N,4.77,9.574157926418383,58.57024671281486,0.4279120862483978,0.44643503298362097,0.4265341928601265,0.018522946735223145,-0.001377893388271323,RETURN,0.44643503298362097
2018090901,1491,"(7:39) B.Colquitt punts 39 yards to PIT 8, Center-C.Hughlett. R.Switzer to PIT 12 for 4 yards (D.Rice).",CLE,PIT,39,L,A,3.92,5.481788029466295,48.78708538127688,0.6566903591156006,0.6679281244675318,0.6549562096595765,0.011237765351931217,-0.0017341494560241255,RETURN,0.6679281244675318
2018090901,2632,"(6:18) (Punt formation) B.Colquitt punts 45 yards to PIT 41, Center-C.Hughlett. R.Switzer to CLE 39 for 20 yards (D.Kindred).",CLE,PIT,45,C,N,3.86,14.240621475202548,49.19700194117522,0.7717400789260864,0.790065289636453,0.7653243217865626,0.018325210710366524,-0.006415757139523803,RETURN,0.790065289636453
2018090901,4136,"(2:20) J.Berry punts 51 yards to CLE 30, Center-K.Canaday. J.Peppers to CLE 45 for 15 yards (J.Dangerfield).",PIT,CLE,51,C,N,4.1,12.615173403485183,40.20651688470416,0.12656688690185547,0.15246984298030536,0.12700015793244043,0.02590295607844989,4.332710305849641e-4,RETURN,0.15246984298030536
2018090902,2228,"(13:43) R.Sanchez punts 49 yards to CIN 34, Center-L.Rhodes. A.Erickson to CIN 33 for -1 yards (Z.Franklin, C.Milton).",IND,CIN,49,L,N,4.14,6.611278242518609,43.58795361106093,0.2708459198474884,0.28362255106369655,0.2686384640137355,0.012776631216208145,-0.002207455833752925,RETURN,0.28362255106369655
2018090903,1844,"(:30) (Punt formation) B.Kern punts 55 yards to MIA 18, Center-B.Brinkley. J.Grant to MIA 17 for -1 yards (D.Fluellen).",TEN,MIA,55,R,N,4.09,28.942302949143492,63.44403596871813,0.6570860147476196,0.6887835800647736,0.6525043992201487,0.03169756531715395,-0.004581615527470939,RETURN,0.6887835800647736
2018090903,1993,"(13:45) (Punt formation) M.Haack punts 45 yards to TEN 23, Center-J.Denney. A.Jackson to TEN 49 for 26 yards (B.Bolden). TEN-A.Jackson was injured during the play. His return is Questionable.",MIA,TEN,45,C,N,3.4,22.52150083808804,43.86929905982087,0.3280302882194519,0.3533020853996277,0.32679994026819864,0.025271797180175803,-0.0012303479512532633,RETURN,0.3533020853996277
2018090903,2176,"(10:09) (Punt formation) M.Haack punts 65 yards to TEN 17, Center-D.Smythe. R.Matthews to TEN 35 for 18 yards (W.Aikens).",MIA,TEN,65,C,N,4.57,18.991727146312943,50.709451781694504,0.31705912947654724,0.3497896828254064,0.31502694537242254,0.03273055334885916,-0.0020321841041247013,RETURN,0.3497896828254064
2018090903,3163,"(11:45) (Punt formation) B.Kern punts 49 yards to MIA 9, Center-B.Brinkley. D.Amendola ran ob at MIA 11 for 2 yards (D.Cruikshank).",TEN,MIA,49,R,N,4.4,2.956568957423454,49.29466705435792,0.8503410816192627,0.8595441736777624,0.8485142354170482,0.009203092058499673,-0.001826846202214516,RETURN,0.8595441736777624
2018090905,1555,"(7:17) R.Allen punts 47 yards to HOU 23, Center-J.Cardona. T.Ervin to HOU 34 for 11 yards (J.Jones).",NE,HOU,47,C,N,4.18,12.51598977308626,35.663237374080325,0.19206330180168152,0.20673434903224308,0.19161600455641747,0.014671047230561562,-4.4729724526404446e-4,RETURN,0.20673434903224308
2018090905,3749,"(5:27) R.Allen punts 55 yards to HOU 25, Center-J.Cardona. T.Ervin to HOU 34 for 9 yards (N.Ebner).",NE,HOU,55,C,N,4.53,18.346664546996003,52.57836532263055,0.030137542635202408,0.03681667050346732,0.02863557924206058,0.006679127868264911,-0.0015019633931418266,RETURN,0.03681667050346732
2018090905,3844,"(4:41) T.Daniel punts 47 yards to NE 17, Center-J.Weeks. R.McCarron MUFFS catch, RECOVERED by HOU-J.Bademosi at NE 16. J.Bademosi to NE 16 for no gain (J.Jones).",HOU,NE,48,C,N,4.44,4.179294198785251,37.51772514425681,0.9929559230804443,0.9919966396627327,0.9891493056217829,-9.59283417711676e-4,-0.0038066174586613988,FAIR_CATCH,0.9929559230804443
2018090906,1373,"(9:51) T.Morstead punts 56 yards to TB 20, Center-Z.Wood. D.Jackson to TB 22 for 2 yards (C.Banjo).",NO,TB,56,C,N,4.77,4.96326505437701,44.38395768743477,0.4251159727573395,0.4442931899428368,0.4235643325249354,0.01917721718549731,-0.0015516402324040612,RETURN,0.4442931899428368
2018090906,2681,"(9:21) T.Morstead punts 42 yards to TB 24, Center-Z.Wood. A.Humphries to TB 25 for 1 yard (J.Hardee).",NO,TB,42,R,N,3.83,3.721625988731267,41.143927863051665,0.8276837468147278,0.8352115759750207,0.8248191783825557,0.0075278291602929315,-0.0028645684321720877,RETURN,0.8352115759750207
2018090906,2776,"(7:42) B.Anger punts 42 yards to NO 24, Center-G.Sanborn. T.Lewis to NO 24 for no gain (R.Smith). PENALTY on NO-C.Robertson, Offensive Holding, 10 yards, enforced at NO 24.",TB,NO,42,C,N,4.46,3.682662080615054,46.808823954463975,0.21459992229938507,0.22126651932795843,0.2115435107052326,0.006666597028573362,-0.0030564115941524583,RETURN,0.22126651932795843
2018090906,2947,"(5:18) T.Morstead punts 58 yards to TB 10, Center-Z.Wood. A.Humphries ran ob at TB 26 for 16 yards (C.Banjo).",NO,TB,58,L,N,4.59,4.757320674497358,54.62986088212197,0.829058825969696,0.8381311901410421,0.8184326163927714,0.009072364171346048,-0.010626209576924617,RETURN,0.8381311901410421
2018090907,2708,"(3:39) R.Dixon punts 55 yards to JAX 20, Center-Z.DeOssie. J.Mickens to JAX 16 for -4 yards (C.Riley). PENALTY on JAX-B.Brown, Illegal Block Above the Waist, 8 yards, enforced at JAX 16. Officially, a return for 0 yards.",NYG,JAX,55,R,N,4.34,12.559060474414489,50.17026709117662,0.6527248024940491,0.67550218164920806,0.6499989050626754,0.022777379155158983,-0.002725897431373636,RETURN,0.67550218164920806
2018090907,3497,"(9:18) L.Cooke punts 44 yards to NYG 27, Center-C.Tinker. K.Clay to NYG 26 for -1 yards (D.Chark).",JAX,NYG,44,C,N,4.16,6.872153956366234,46.70531554330835,0.27087706327438354,0.2892778234183788,0.26271363665660225,0.018400760143995276,-0.0081634266177813,RETURN,0.2892778234183788
2018090907,3618,"(7:04) R.Dixon punts 54 yards to JAX 15, Center-Z.DeOssie. J.Mickens to JAX 25 for 10 yards (K.Wynn).",NYG,JAX,54,C,N,4.14,8.690138088661193,58.934383851873775,0.7982725501060486,0.8093971983591716,0.7834010756015778,0.011124648253122982,-0.014871474504470794,RETURN,0.8093971983591716
2018090907,3801,"(4:20) L.Cooke punts 47 yards to NYG 14, Center-C.Tinker. K.Clay pushed ob at NYG 19 for 5 yards (N.Paul).",JAX,NYG,47,R,N,4.84,2.3272301132462214,35.28621402190947,0.2542754113674164,0.26810110921661057,0.24544497107466062,0.013825697849194185,-0.008830440292755759,RETURN,0.26810110921661057
2018090907,4113,"(:54) (Punt formation) L.Cooke punts 41 yards to NYG 19, Center-C.Tinker. K.Clay MUFFS catch, RECOVERED by JAX-D.Payne at NYG 21. D.Payne to NYG 21 for no gain (K.Clay).",JAX,NYG,41,C,N,3.87,2.9828342226815088,44.676920216147394,0.13667915761470795,0.1576165393491586,0.12902959736684957,0.020937381734450644,-0.007649560247858372,RETURN,0.1576165393491586
2018090909,918,"(13:27) A.Lee punts 57 yards to WAS 15, Center-A.Brewer. T.Quinn to WAS 27 for 12 yards (D.Coleman).",ARI,WAS,57,C,N,4.24,14.66094812759393,46.25480731772644,0.653631329536438,0.6853488657871882,0.651779962182045,0.031717536250750245,-0.001851367354392952,RETURN,0.6853488657871882
2018090909,2106,"(12:20) T.Way punts 55 yards to ARI 41, Center-N.Sundberg. C.Kirk to ARI 42 for 1 yard (J.Harvey-Clemons). PENALTY on ARI-T.Boston, Offensive Holding, 10 yards, enforced at ARI 41.",WAS,ARI,55,C,N,4.58,17.867988135209853,43.95109327422926,0.05852958932518959,0.06720179400096336,0.0559064103414615,0.008672204675773773,-0.002623178983728089,RETURN,0.06720179400096336
2018090909,2247,"(11:18) A.Lee punts 57 yards to WAS 13, Center-A.Brewer. T.Quinn to WAS 25 for 12 yards (B.Benwikere). WAS-T.Quinn was injured during the play.  Penalty on WAS-T.Apke, Illegal Block Above the Waist, declined. PENALTY on WAS-F.Moreau, Unnecessary Roughness, 5 yards, enforced at WAS 13.",ARI,WAS,57,R,N,4.47,18.34601046549358,42.94931431350214,0.9639003872871399,0.9666947161157926,0.9627953972419103,0.0027943288286527146,-0.0011049900452295702,RETURN,0.9666947161157926
2018090909,3706,"(4:48) T.Way punts 59 yards to ARI 30, Center-N.Sundberg. C.Kirk to WAS 26 for 44 yards (T.Apke).",WAS,ARI,59,C,N,4.57,13.403081735183148,44.2350460607876,0.0014573732623830438,0.0016150198438360046,0.0014977799355983734,1.5764658145296087e-4,4.040667321532961e-5,RETURN,0.0016150198438360046
2018090910,700,"(2:24) C.Jones punts 51 yards to CAR 4, Center-L.Ladouceur. D.Byrd to CAR 18 for 14 yards (J.Thomas).",DAL,CAR,51,L,N,5.11,9.542588747294936,36.52701192268538,0.5386141538619995,0.5523772941033045,0.5347063575188319,0.013763140241304983,-0.003907796343167624,RETURN,0.5523772941033045
2018090910,1047,"(12:33) C.Jones punts 51 yards to CAR 35, Center-L.Ladouceur. D.Byrd to DAL 35 for 30 yards (R.Smith).",DAL,CAR,51,C,N,4.77,15.743204883377466,31.27936220577395,0.5759389996528625,0.5957672345638275,0.5705703556537628,0.01982823491096497,-0.005368643999099754,RETURN,0.5957672345638275
2018090910,1329,"(7:20) C.Jones punts 49 yards to CAR 27, Center-L.Ladouceur. D.Byrd to CAR 30 for 3 yards (J.Thomas; L.Ladouceur).",DAL,CAR,49,R,N,4.79,13.19601833887783,36.85388446283512,0.7691052556037903,0.7770263662934304,0.7586494692166647,0.007921110689640076,-0.010455786387125632,RETURN,0.7770263662934304
2018090910,1582,"(2:55) C.Jones punts 56 yards to CAR 8, Center-L.Ladouceur. D.Moore to CAR 23 for 15 yards (J.Olawale; K.Frazier). PENALTY on DAL-A.Brown, Unsportsmanlike Conduct, 15 yards, enforced at CAR 23.",DAL,CAR,56,R,N,4.66,20.00152494186381,46.634931113919315,0.760420560836792,0.7810638931890329,0.7580353883902232,0.020643332352240917,-0.002385172446568773,RETURN,0.7810638931890329
2018090910,2550,"(6:48) M.Palardy punts 50 yards to DAL 30, Center-J.Jansen. T.Austin pushed ob at DAL 45 for 15 yards (I.Thomas).",CAR,DAL,50,C,N,4.68,6.822939249326495,35.61357606306898,0.15599392354488373,0.16588520725568134,0.1509346170226733,0.009891283710797616,-0.005059306522210427,RETURN,0.16588520725568134
2018090910,3477,"(5:04) M.Palardy punts 52 yards to DAL 23, Center-J.Jansen. T.Austin pushed ob at DAL 21 for -2 yards (J.Norris).",CAR,DAL,52,R,N,4.59,12.518378489245324,46.2924885915631,0.08290693163871765,0.09215406214197477,0.07982583574950695,0.009247130503257123,-0.003081095889210697,RETURN,0.09215406214197477
2018090912,583,"(4:25) J.Scott punts 44 yards to CHI 29, Center-H.Bradley. T.Cohen to CHI 32 for 3 yards (J.Whitehead).",GB,CHI,44,C,N,4.32,5.461300211488105,42.61357999511424,0.6489788293838501,0.6696611225605011,0.646980198820432,0.020682293176651045,-0.001998630563418091,RETURN,0.6696611225605011
2018090912,1055,"(10:25) P.O'Donnell punts 63 yards to GB 18, Center-P.Scales. R.Cobb to GB 35 for 17 yards (B.Cunningham).",CHI,GB,63,C,N,4.65,11.30557384655904,41.35188508399587,0.2384694665670395,0.2541594035923481,0.2366111942132314,0.01568993702530863,-0.001858272353808088,RETURN,0.2541594035923481
2018090912,1149,"(9:05) J.Scott punts 58 yards to CHI 15, Center-H.Bradley. T.Cohen pushed ob at GB 43 for 42 yards (H.Bradley).",GB,CHI,58,C,N,4.86,13.49954073292866,50.5016633389436,0.7430604696273804,0.7677247648437818,0.7406661393245061,0.024664295216401455,-0.0023943303028742813,RETURN,0.7677247648437818
2018091000,469,"(7:09) S.Martin punts 55 yards to NYJ 25, Center-D.Muhlbach. A.Roberts to DET 32 for 43 yards (S.Martin, T.Wilson).",DET,NYJ,55,R,N,4.65,17.853809117384447,42.41245571763088,0.23566876351833344,0.25419337769349415,0.23431277101238568,0.018524614175160714,-0.0013559925059477562,RETURN,0.25419337769349415
2018091000,1545,"(3:26) S.Martin punts 45 yards to NYJ 35, Center-D.Muhlbach. A.Roberts to DET 49 for 16 yards (T.Wilson).",DET,NYJ,45,C,N,4.24,4.491647804536771,40.38208142233385,0.5391287207603455,0.5551974095900853,0.5369245034456253,0.016068688829739886,-0.0022042173147202027,RETURN,0.5551974095900853
2018091000,2626,"(7:20) S.Martin punts 52 yards to NYJ 22, Center-D.Muhlbach. A.Roberts for 78 yards, TOUCHDOWN. The Replay Official reviewed the runner was inbounds ruling, and the play was Upheld. The ruling on the field was confirmed.",DET,NYJ,52,R,N,4.08,6.94447262216506,45.60500520776202,0.9147106409072876,0.9185951150457065,0.9085244661569596,0.0038844741384188586,-0.006186174750328011,RETURN,0.9185951150457065
2018091001,384,"(8:47) J.Hekker punts 62 yards to OAK 5, Center-J.McQuaide. D.Harris to OAK 15 for 10 yards (B.Countess, J.McQuaide).",LA,OAK,62,C,N,4.26,11.001690779148449,49.56109865610326,0.7282790541648865,0.7516273910303911,0.7253459151585897,0.023348336865504637,-0.00293313900629677,RETURN,0.7516273910303911
2018091001,499,"(6:20) J.Townsend punts 55 yards to LA 38, Center-A.DePaola. P.Cooper ran ob at 50 for 12 yards (M.Lee). OAK-A.DePaola was injured during the play. He is Out.",OAK,LA,55,L,N,4.58,15.15792202117428,52.32084479440293,0.24747778475284576,0.26106551388899485,0.24418860500057538,0.013587729136149085,-0.003289179752270388,RETURN,0.26106551388899485
2018091001,2840,"(1:53) J.Townsend punts 35 yards to OAK 48, Center-L.Smith. P.Cooper to LA 49 for -3 yards (D.Harris; K.Smith). LA-P.Cooper was injured during the play. His return is Questionable.  PENALTY on LA-T.Hill, Offensive Holding, 10 yards, enforced at OAK 48.",OAK,LA,35,C,N,4.52,6.818401572216171,25.49946666108921,0.5068169236183167,0.5332051565249761,0.5080270410577457,0.02638823290665948,0.0012101174394290037,RETURN,0.5332051565249761
2018091300,122,"(13:37) S.Koch punts 55 yards to CIN 20, Center-M.Cox. D.Phillips MUFFS catch, and recovers at CIN 15. D.Phillips to CIN 31 for 16 yards (J.Allen).",BAL,CIN,60,R,N,4.06,12.605256839906115,55.62590943076796,0.5418533086776733,0.5627703407406807,0.5391862310965856,0.020917032063007324,-0.002667077581087751,RETURN,0.5627703407406807
2018091300,304,"(12:37) K.Huber punts 55 yards to BAL 20, Center-C.Harris. J.Grant to BAL 22 for 2 yards (T.McRae; C.Fejedelem). FUMBLES (T.McRae), recovered by BAL-T.Young at BAL 18. T.Young to BAL 18 for no gain (V.Rey).",CIN,BAL,55,C,N,5.06,12.277011036893304,44.44632830729666,0.4220241606235504,0.4409994418422381,0.42121147682269416,0.01897528121868769,-8.126838008562509e-4,RETURN,0.4409994418422381
2018091300,1023,"(4:06) S.Koch punts 59 yards to CIN 20, Center-M.Cox. D.Phillips to CIN 28 for 8 yards (K.Young).",BAL,CIN,59,C,N,4.87,17.431939077452057,41.51647865607101,0.8745322823524475,0.8834107084323962,0.8723981879154841,0.00887842607994871,-0.0021340944369634407,RETURN,0.8834107084323962
2018091600,773,"(:18) M.Bosher punts 39 yards to CAR 25, Center-J.Harris. D.Moore to CAR 30 for 5 yards (J.Bethel).",ATL,CAR,39,C,N,3.95,1.2984991336154232,42.24262894281083,0.4251299500465393,0.43844222684701284,0.4221319551269213,0.013312276800473533,-0.0029979949196179967,RETURN,0.43844222684701284
2018091600,3830,"(2:00) M.Bosher punts 54 yards to CAR 12, Center-J.Harris. D.Moore to CAR 16 for 4 yards (J.Bethel).",ATL,CAR,54,C,N,4.82,2.834237110758375,33.99959558583013,0.0910138487815857,0.09630063439408938,0.08738668501377106,0.005286785612503689,-0.003627163767814634,RETURN,0.09630063439408938
2018091601,205,"(11:03) C.Bojorquez punts 44 yards to LAC 42, Center-R.Ferguson. J.Jones to BUF 48 for 10 yards (A.Holmes). PENALTY on BUF-L.Thomas, Offensive Holding, 10 yards, enforced at BUF 48.",BUF,LAC,44,C,N,3.56,15.64212261811037,47.29086698295983,0.4396286904811859,0.46101621399323145,0.4372776727875074,0.021387523512045536,-0.0023510176936785143,RETURN,0.46101621399323145
2018091601,426,"(7:53) C.Bojorquez punts 42 yards to LAC 33, Center-R.Ferguson. J.Jones to LAC 39 for 6 yards (L.Thomas).",BUF,LAC,42,C,N,3.59,14.318173766231505,43.11250398666262,0.6543663740158081,0.6710381537675858,0.6457734743754069,0.016671779751777693,-0.00859289964040122,RETURN,0.6710381537675858
2018091601,1289,"(8:57) C.Bojorquez punts 50 yards to LAC 18, Center-R.Ferguson. J.Jones to LAC 19 for 1 yard (R.Humber).",BUF,LAC,50,C,N,4.88,7.717460722284241,50.94698813472685,0.8791859149932861,0.8854866353422404,0.876798755923907,0.006300720348954236,-0.002387159069379141,RETURN,0.8854866353422404
2018091601,2813,"(4:04) D.Kaser punts 45 yards to BUF 49, Center-M.Windt. M.Murphy MUFFS catch, and recovers at LAC 48. M.Murphy to LAC 42 for 6 yards (A.Phillips; N.Dzubnar).",LAC,BUF,45,C,N,3.85,12.581836114017698,35.55382539193216,0.0665556788444519,0.07911816184719403,0.06719851687550545,0.012562483002742125,6.428380310535414e-4,RETURN,0.07911816184719403
2018091602,1446,"(4:37) J.Scott punts 59 yards to MIN 33, Center-H.Bradley. M.Sherels to MIN 46 for 13 yards (K.Toomer).",GB,MIN,59,L,N,5.24,11.381783691495816,65.55620489320594,0.2391854077577591,0.25023161644736924,0.2322290749847889,0.011046208689610149,-0.006956332772970197,RETURN,0.25023161644736924
2018091602,2412,"(5:04) M.Wile punts 46 yards to GB 24, Center-K.McDermott. R.Cobb pushed ob at GB 24 for no gain (J.Kearse).",MIN,GB,46,R,N,4.86,0.4272001872658747,33.6594622654611,0.9420533180236816,0.9448915221293768,0.9433197967211405,0.00283820410569513,0.0012664786974588838,RETURN,0.9448915221293768
2018091603,971,"(14:30) B.Colquitt punts 46 yards to NO 19, Center-C.Hughlett. T.Lewis to NO 19 for no gain (B.Boddy-Calhoun).",CLE,NO,46,L,N,4.63,1.5542522317822185,42.97656221709689,0.537741482257843,0.5458825918038687,0.5340543437004089,0.008141109546025649,-0.0036871385574340776,RETURN,0.5458825918038687
2018091603,1907,"(:48) T.Morstead punts 56 yards to CLE 17, Center-Z.Wood. J.Peppers to CLE 17 for no gain (J.Hardee). PENALTY on CLE-B.Boddy-Calhoun, Illegal Block Above the Waist, 8 yards, enforced at CLE 17.",NO,CLE,56,L,N,4.94,4.500144442126275,43.68295434148198,0.5614650845527649,0.5782326683402061,0.5593956633408864,0.016767583787441254,-0.002069421211878475,RETURN,0.5782326683402061
2018091604,815,"(14:22) L.Edwards punts 60 yards to MIA 18, Center-T.Hennessy. J.Grant pushed ob at MIA 40 for 22 yards (T.Brooks).",NYJ,MIA,60,L,N,3.85,22.439128770966132,52.80061363279787,0.6509082317352295,0.6803426924347877,0.6508432106177012,0.02943446069955824,-6.502111752826334e-5,RETURN,0.6803426924347877
2018091604,1549,"(2:41) L.Edwards punts 60 yards to MIA 22, Center-T.Hennessy. J.Grant to MIA 38 for 16 yards (D.Middleton).",NYJ,MIA,60,C,N,4.41,20.57966229071799,49.96967080139712,0.8777686953544617,0.8896524181465307,0.8752374124526977,0.011883722792069062,-0.002531282901763965,RETURN,0.8896524181465307
2018091604,2659,"(5:29) L.Edwards punts 56 yards to MIA 7, Center-T.Hennessy. J.Grant to MIA 17 for 10 yards (T.Hennessy).",NYJ,MIA,56,R,N,4.23,11.052393405955106,72.68991952121009,0.940326452255249,0.9419083869457245,0.9349120418230693,0.0015819346904755172,-0.005414410432179717,RETURN,0.9419083869457245
2018091604,3295,"(9:13) M.Haack punts 55 yards to NYJ 20, Center-J.Denney. A.Roberts to NYJ 24 for 4 yards (B.Bolden; T.McEvoy). PENALTY on NYJ-C.Peake, Illegal Block Above the Waist, 10 yards, enforced at NYJ 24.",MIA,NYJ,55,L,N,4.47,3.511765937530582,52.87029506253961,0.06643764674663544,0.07429754920303822,0.06534073099493981,0.007859902456402779,-0.0010969157516956263,RETURN,0.07429754920303822
2018091605,145,"(14:22) (Punt formation) J.Berry punts 39 yards to KC 42, Center-K.Canaday. D.Thomas to PIT 27 for 31 yards (C.Sutton). FUMBLES (C.Sutton), and recovers at PIT 22. D.Thomas to PIT 10 for 12 yards (T.Edmunds).",PIT,KC,39,L,N,4.49,4.258567834378125,38.74461123820963,0.4396286904811859,0.45049848278363547,0.4375654916961988,0.010869792302449555,-0.002063198784987119,RETURN,0.45049848278363547
2018091605,373,"(11:48) (Punt formation) J.Berry punts 39 yards to KC 39, Center-K.Canaday. T.Hill ran ob at KC 39 for no gain (T.Matakevich). Penalty on KC-Dam. Williams, Offensive Holding, declined. PENALTY on KC-D.Harris, Offensive Holding, 10 yards, enforced at KC 39.",PIT,KC,39,R,N,3.15,10.32262079125258,52.53050637486755,0.6177488565444946,0.6415235650539398,0.6271211250623068,0.023774708509445186,0.009372268517812143,RETURN,0.6415235650539398
2018091605,1943,"(3:10) (Punt formation) D.Colquitt punts 45 yards to PIT 14, Center-J.Winchester. R.Switzer to PIT 20 for 6 yards (Dam. Williams). PENALTY on PIT-T.Matakevich, Illegal Blindside Block, 10 yards, enforced at PIT 20.",KC,PIT,45,C,N,4.25,11.720755095129324,49.34796551024166,0.25166070461273193,0.26368784288565317,0.24841602638363838,0.012027138272921234,-0.0032446782290935505,RETURN,0.26368784288565317
2018091606,182,"(13:08) C.Johnston punts 63 yards to TB 7, Center-R.Lovato. A.Humphries to TB 17 for 10 yards (C.Clement).",PHI,TB,63,C,N,4.69,15.32950423203568,48.86944341815241,0.7213746309280396,0.7349031220376492,0.723595632314682,0.01352849110960963,0.002221001386642496,RETURN,0.7349031220376492
2018091606,340,"(10:36) B.Anger punts 53 yards to PHI 13, Center-G.Sanborn. C.Clement pushed ob at TB 44 for 43 yards (B.Anger). PENALTY on PHI-J.Perkins, Illegal Block Above the Waist, 10 yards, enforced at PHI 23.",TB,PHI,53,R,N,4.6,15.281914147121752,43.44077807774626,0.23627011477947235,0.25179743404189747,0.23576244299610455,0.015527319262425121,-5.076717833678024e-4,RETURN,0.25179743404189747
2018091606,593,"(6:15) C.Johnston punts 56 yards to TB 16, Center-R.Lovato. A.Humphries to TB 15 for -1 yards (A.Maddox).",PHI,TB,56,R,N,4.83,3.3154788492765235,49.43448290414293,0.7419404983520508,0.7560204263528189,0.7380093081792196,0.014079928000768072,-0.003931190172831167,RETURN,0.7560204263528189
2018091606,1757,"(2:36) C.Johnston punts 51 yards to TB 19, Center-R.Lovato. D.Jackson pushed ob at TB 30 for 11 yards (K.Grugier-Hill).",PHI,TB,51,C,A,3.46,15.289686066103515,57.80472126046453,0.7278377413749695,0.7507734038432439,0.7265513396263122,0.022935662468274387,-0.0012864017486572399,RETURN,0.7507734038432439
2018091606,2649,"(7:11) C.Johnston punts 65 yards to TB 7, Center-R.Lovato. A.Humphries to TB 16 for 9 yards (C.Graham).",PHI,TB,65,C,N,4.75,21.357258719227044,55.53715963208778,0.9785289764404297,0.9792804867153366,0.9764920185009639,7.515102749069413e-4,-0.002036957939465789,RETURN,0.9792804867153366
2018091606,3523,"(6:44) B.Anger punts 35 yards to PHI 22, Center-G.Sanborn. N.Agholor to PHI 22 for no gain (R.Smith).",TB,PHI,35,C,N,3.85,0.9684007434941448,35.04799280986003,0.03271259739995003,0.03568240430206061,0.030666414896647134,0.002969806902110579,-0.002046182503302893,RETURN,0.03568240430206061
2018091606,4125,"(:28) B.Anger punts 47 yards to PHI 7, Center-G.Sanborn. C.Clement to PHI 10 for 3 yards (R.Smith).",TB,PHI,47,C,N,4.28,14.414676548573684,48.86491583948549,0.06693502515554428,0.09432096436619762,0.06398882190386454,0.02738593921065334,-0.002946203251679741,RETURN,0.09432096436619762
2018091607,1227,"(9:06) (Punt formation) B.Kern punts 50 yards to HOU 11, Center-B.Brinkley. T.Ervin to HOU 24 for 13 yards (B.Trawick). PENALTY on HOU-S.Wright, Offensive Holding, 10 yards, enforced at HOU 22.",TEN,HOU,50,R,N,4.44,12.26037927635194,57.06294769813421,0.11038396507501602,0.11586584789057573,0.10610586134095987,0.0054818828155597105,-0.0042781037340561545,RETURN,0.11586584789057573
2018091607,1567,"(3:38) (Punt formation) B.Kern punts 46 yards to HOU 41, Center-B.Brinkley. T.Ervin pushed ob at HOU 47 for 6 yards (D.Cruikshank; K.Byard).",TEN,HOU,46,R,N,4.76,7.767058645330291,32.09750769140807,0.1085948795080185,0.1124211615572373,0.10478981350859007,0.00382628204921881,-0.0038050659994284253,RETURN,0.1124211615572373
2018091607,2458,"(6:50) (Punt formation) B.Kern punts 51 yards to HOU 39, Center-B.Brinkley. T.Ervin to HOU 48 for 9 yards (B.Brinkley).",TEN,HOU,51,L,N,4.57,8.454188311127218,33.57682831954204,0.23528145253658295,0.2501528598368168,0.23284140199422837,0.014871407300233841,-0.002440050542354577,RETURN,0.2501528598368168
2018091607,2794,"(:17) (Punt formation) B.Kern punts 52 yards to HOU 31, Center-B.Brinkley. T.Ervin to HOU 30 for -1 yards (D.Cruikshank).",TEN,HOU,52,C,N,4.27,4.3354469204454515,39.1993086673732,0.2600777745246887,0.2707917861143748,0.25287432273228966,0.010714011589686101,-0.007203451792399063,RETURN,0.2707917861143748
2018091608,541,"(5:09) R.Sanchez punts 54 yards to WAS 32, Center-L.Rhodes. G.Stroman to WAS 38 for 6 yards (Z.Franklin, N.Goode).",IND,WAS,54,R,N,4.51,14.56416492628396,62.98659222405987,0.354977011680603,0.3647858933607737,0.34782528479894004,0.009808881680170689,-0.00715172688166299,RETURN,0.3647858933607737
2018091609,783,"(1:01) A.Lee punts 46 yards to LA 38, Center-A.Brewer. J.Natson ran ob at ARI 43 for 19 yards (D.Gardeck). PENALTY on LA-J.Reynolds, Illegal Block Above the Waist, 10 yards, enforced at ARI 49.",ARI,LA,46,C,N,3.53,16.194261329248707,43.601231633980255,0.5344981551170349,0.5558444679776827,0.531520101428032,0.02134631286064781,-0.0029780536890029463,RETURN,0.5558444679776827
2018091609,1057,"(13:05) A.Lee punts 49 yards to LA 29, Center-A.Brewer. J.Natson to LA 46 for 17 yards (E.Turner).",ARI,LA,49,C,N,4.51,6.082647449918495,40.498595037359,0.7975232601165771,0.8037401389082273,0.7907651323080063,0.006216878791650116,-0.00675812780857088,RETURN,0.8037401389082273
2018091609,1552,"(4:33) A.Lee punts 58 yards to LA 8, Center-A.Brewer. J.Natson to ARI 32 for 60 yards (A.Lee).",ARI,LA,58,C,N,4.25,14.969816298138062,50.80009547235123,0.8487445712089539,0.8585156295696894,0.8467861622571945,0.009771058360735552,-0.0019584089517593606,RETURN,0.8585156295696894
2018091609,2032,"(12:51) A.Lee punts 52 yards to LA 8, Center-A.Brewer. J.Natson to LA 21 for 13 yards (R.Ford).",ARI,LA,52,C,N,4.26,13.251101840979109,43.085433733455666,0.965857982635498,0.9668751102561752,0.9647228908538819,0.0010171276206771829,-0.0011350917816161932,RETURN,0.9668751102561752
2018091609,2352,"(6:02) A.Lee punts 58 yards to LA 27, Center-A.Brewer. J.Natson ran ob at LA 44 for 17 yards (G.Hodges).",ARI,LA,58,C,N,4.42,7.965236970737274,49.133740952628465,0.9814015030860901,0.9809577682614327,0.9796894367535909,-4.4373482465742686e-4,-0.001712066332499207,FAIR_CATCH,0.9814015030860901
2018091609,2691,"(2:35) A.Lee punts 54 yards to LA 28, Center-A.Brewer. J.Natson to LA 41 for 13 yards (E.Turner).",ARI,LA,54,R,N,3.1,11.64766929475592,53.345324068750394,0.9994674324989319,0.9994254457919548,0.9993833863735199,-4.1986706977081845e-5,-8.404612541201839e-5,FAIR_CATCH,0.9994674324989319
2018091610,1306,"(10:39) S.Martin punts 43 yards to SF 25, Center-D.Muhlbach. D.Pettis to SF 37 for 12 yards (T.Wilson). PENALTY on SF-D.Reed, Offensive Holding, 10 yards, enforced at SF 25.",DET,SF,43,C,N,3.85,6.482977710897978,38.729261547310706,0.6601946949958801,0.6704833414157232,0.6521036366621653,0.010288646419843062,-0.008091058333714818,RETURN,0.6704833414157232
2018091610,1440,"(8:14) B.Pinion punts 44 yards to DET 19, Center-K.Nelson. J.Agnew to DET 19 for no gain (R.Mostert).",SF,DET,44,C,N,4.12,3.8233493170255888,34.450359940064494,0.3346705436706543,0.34813984056313835,0.3331066691875458,0.01346929689248405,-0.0015638744831085183,RETURN,0.34813984056313835
2018091610,1960,"(1:01) B.Pinion punts 59 yards to DET 37, Center-K.Nelson. J.Agnew to DET 44 for 7 yards (G.Celek). PENALTY on DET-J.Reeves-Maybin, Illegal Block Above the Waist, 10 yards, enforced at DET 44.",SF,DET,59,C,N,4.63,20.35945971778229,44.549075186809425,0.26360172033309937,0.2854912806550662,0.25901739969849585,0.021889560321966817,-0.0045843206346035115,RETURN,0.2854912806550662
2018091610,3362,"(14:54) S.Martin punts 44 yards to SF 33, Center-D.Muhlbach. D.Pettis to SF 47 for 14 yards (N.Bellore).",DET,SF,44,C,N,3.65,5.133673148925626,37.820473291591675,0.968898594379425,0.9648571635782719,0.9676991122961044,-0.004041430801153156,-0.0011994820833206576,FAIR_CATCH,0.968898594379425
2018091610,3871,"(6:31) B.Pinion punts 49 yards to DET 27, Center-K.Nelson. J.Agnew for 73 yards, TOUCHDOWN NULLIFIED by Penalty. Penalty on DET-T.Walker, Illegal Block Above the Waist, declined. PENALTY on DET-N.Bellore, Illegal Block Above the Waist, 10 yards, enforced at DET 31. Agnew credited with a 4-yd. return.",SF,DET,49,C,N,4.82,9.242494252094511,51.30155943048906,0.06215595826506615,0.06907893064121405,0.05907766410460075,0.006922972376147904,-0.0030782941604654,RETURN,0.06907893064121405
2018091610,4585,"(1:16) B.Pinion punts 44 yards to DET 16, Center-K.Nelson. J.Agnew ran ob at DET 16 for no gain.",SF,DET,44,R,N,4.4,3.8003289331319783,42.37249697622268,0.2589744031429291,0.25973937183618545,0.231070318321387,7.649686932563737e-4,-0.02790408482154208,RETURN,0.25973937183618545
2018091611,698,"(3:26) J.Townsend punts 56 yards to DEN 17, Center-T.Sieg. A.Jones to DEN 18 for 1 yard (D.Rodgers-Cromartie).",OAK,DEN,56,C,N,4.68,4.206007608171902,53.8032015776013,0.426248162984848,0.4421742524703344,0.42218118757009504,0.01592608948548635,-0.004066975414752982,RETURN,0.4421742524703344
2018091611,797,"(1:50) M.King punts 51 yards to OAK 22, Center-C.Kreiter. J.Nelson ran ob at OAK 29 for 7 yards (Dy.Thomas).",DEN,OAK,51,L,N,4.02,17.69364292620375,43.61278023699016,0.5411574840545654,0.5619085084398587,0.5386506599187851,0.020751024385293304,-0.0025068241357802945,RETURN,0.5619085084398587
2018091612,568,"(6:14) R.Allen punts 56 yards to JAX 11, Center-J.Cardona. J.Mickens to JAX 16 for 5 yards (J.Bentley).",NE,JAX,56,L,N,4.39,15.527137534008,45.01800639744057,0.7419404983520508,0.7595367783308029,0.7398364168405532,0.017596279978752127,-0.0021040815114975464,RETURN,0.7595367783308029
2018091612,3460,"(8:01) R.Allen punts 59 yards to JAX 23, Center-J.Cardona. J.Mickens to JAX 39 for 16 yards (N.Ebner).",NE,JAX,59,C,N,4.52,7.473004750433392,55.23250130131714,0.9659754633903503,0.967309716741244,0.9621737490097682,0.001334253350893655,-0.0038017143805821885,RETURN,0.967309716741244
2018091613,1035,"(12:36) (Punt formation) C.Jones punts 42 yards to NYG 21, Center-L.Ladouceur. K.Clay to NYG 26 for 5 yards (D.Wilson).",DAL,NYG,42,L,N,3.94,4.440011261246985,43.86892408072028,0.18228647112846375,0.1888864349325498,0.18157830412189166,0.006599963804086062,-7.081670065720858e-4,RETURN,0.1888864349325498
2018091613,1575,"(2:58) (Punt formation) C.Jones punts 48 yards to NYG 14, Center-L.Ladouceur. K.Clay to NYG 20 for 6 yards (J.Olawale).",DAL,NYG,48,C,N,4.55,9.151808564431407,32.84164429501057,0.17239001393318176,0.18121732225020726,0.17068095793326696,0.008827308317025495,-0.0017090559999148047,RETURN,0.18121732225020726
2018091613,2608,"(1:37) (Punt formation) C.Jones punts 47 yards to NYG 33, Center-L.Ladouceur. O.Beckham to NYG 36 for 3 yards (R.Smith).",DAL,NYG,47,C,N,4.93,4.454570686384939,40.44548058807065,0.14073626697063446,0.14996166984240214,0.13531917033096155,0.00922540287176768,-0.005417096639672908,RETURN,0.14996166984240214
2018091613,2715,"(14:21) (Punt formation) R.Dixon punts 43 yards to DAL 30, Center-Z.DeOssie. T.Austin to DAL 28 for -2 yards (K.Wynn, M.Thomas). PENALTY on DAL-B.Jones, Illegal Block Above the Waist, 10 yards, enforced at DAL 28.",NYG,DAL,43,C,N,3.56,8.131525072211247,36.4506241373176,0.896168053150177,0.9006267692645391,0.8940905123949051,0.004458716114362105,-0.0020775407552718894,RETURN,0.9006267692645391
2018091700,735,"(3:30) M.Dickson punts 54 yards to CHI 7, Center-T.Ott. T.Cohen to CHI 39 for 32 yards (J.Coleman).",SEA,CHI,54,R,N,4.76,16.188372370315676,46.49172507016705,0.7419404983520508,0.7613208744426568,0.738635822335879,0.019380376090606055,-0.0033046760161717925,RETURN,0.7613208744426568
2018091700,1238,"(10:59) M.Dickson punts 55 yards to CHI 18, Center-T.Ott. T.Cohen pushed ob at CHI 33 for 15 yards (D.Daniels).",SEA,CHI,55,C,N,4.92,8.139465584422604,34.91786075921605,0.7459224462509155,0.7658533869187037,0.7432545944054921,0.01993094066778822,-0.002667851845423397,RETURN,0.7658533869187037
2018091700,2286,"(11:48) P.O'Donnell punts 52 yards to SEA 17, Center-P.Scales. T.Lockett pushed ob at SEA 31 for 14 yards (J.Bellamy).",CHI,SEA,52,C,N,3.88,12.40129831912772,49.944659374151314,0.23871096968650818,0.25446599557995797,0.23698407406608263,0.015755025893449792,-0.0017268956204255503,RETURN,0.25446599557995797
2018091700,2401,"(10:50) M.Dickson punts 51 yards to CHI 16, Center-T.Ott. T.Cohen pushed ob at CHI 23 for 7 yards (SM.Griffin).",SEA,CHI,51,C,N,4.77,14.523570497642794,53.68063431070837,0.7888630032539368,0.8037864195803801,0.7867789294322332,0.01492341632644334,-0.0020840738217036137,RETURN,0.8037864195803801
2018091700,2742,"(5:46) M.Dickson punts 53 yards to CHI 40, Center-T.Ott. T.Cohen to SEA 48 for 12 yards (T.Madden). PENALTY on CHI-P.Amukamara, Illegal Block Above the Waist, 10 yards, enforced at CHI 44.",SEA,CHI,53,C,N,4.61,11.716761497956677,43.672023081144296,0.8019602298736572,0.8193020180861155,0.7954423346122106,0.017341788212458242,-0.006517895261446638,RETURN,0.8193020180861155
2018092000,202,"(12:35) (Punt formation) L.Edwards punts 51 yards to CLE 24, Center-T.Hennessy. J.Peppers to CLE 26 for 2 yards (D.Middleton).",NYJ,CLE,51,C,N,3.93,18.594227598908216,43.8320533399931,0.5663902163505554,0.583301907579104,0.557203719218572,0.01691169122854863,-0.009186497131983384,RETURN,0.583301907579104
2018092000,453,"(9:21) (Punt formation) L.Edwards punts 43 yards to NYJ 47, Center-T.Hennessy. J.Peppers to NYJ 39 for 8 yards (K.Pierre-Louis).",NYJ,CLE,43,C,N,3.75,15.915882005091644,45.626352034761666,0.6323757171630859,0.6380208498239517,0.6100789537032445,0.005645132660865748,-0.02229676345984144,RETURN,0.6380208498239517
2018092000,680,"(4:45) L.Edwards punts 62 yards to CLE 12, Center-T.Hennessy. J.Peppers to CLE 17 for 5 yards (T.Brooks). PENALTY on CLE-D.Rice, Offensive Holding, 6 yards, enforced at CLE 12.",NYJ,CLE,62,C,N,4.97,23.844378792495306,42.69297366077935,0.5472455024719238,0.5706608991821607,0.5409306349356969,0.023415396710236847,-0.006314867536226898,RETURN,0.5706608991821607
2018092000,1061,"(13:41) B.Colquitt punts 55 yards to NYJ 25, Center-C.Hughlett. A.Roberts ran ob at NYJ 37 for 12 yards (B.Boddy-Calhoun).",CLE,NYJ,55,R,N,4.41,8.052459251682066,45.78242566749822,0.6487245559692383,0.6712207756439845,0.6486481801668803,0.022496219674746243,-7.637580235797525e-5,RETURN,0.6712207756439845
2018092000,2359,"(12:35) L.Edwards punts 54 yards to CLE 8, Center-T.Hennessy. J.Landry to CLE 25 for 17 yards (T.Hennessy). PENALTY on CLE-D.Rice, Illegal Block Above the Waist, 5 yards, enforced at CLE 10.",NYJ,CLE,54,C,N,4.45,6.776341195660089,47.7500848166786,0.18513351678848267,0.19930861969788868,0.1827994572619597,0.014175102909406018,-0.0023340595265229636,RETURN,0.19930861969788868
2018092000,2943,"(3:41) (Punt formation) L.Edwards punts 50 yards to CLE 23, Center-T.Hennessy. J.Landry to CLE 31 for 8 yards (T.Brooks).",NYJ,CLE,50,C,N,4.97,17.131973032899626,31.68856260545751,0.22823074460029602,0.24203409309188526,0.22069570754965145,0.013803348491589235,-0.007535037050644566,RETURN,0.24203409309188526
2018092300,382,"(10:33) M.Bosher punts 48 yards to NO 22, Center-J.Harris. A.Kamara to NO 21 for -1 yards (B.Poole).",ATL,NO,48,R,N,3.73,11.199330337122849,43.0841838729713,0.6287453770637512,0.6418726244568824,0.6329348822434743,0.013127247393131203,0.004189505179723052,RETURN,0.6418726244568824
2018092300,477,"(9:01) T.Morstead punts 57 yards to ATL 13, Center-Z.Wood. J.Hardy pushed ob at ATL 19 for 6 yards (T.Hill; J.Hardee).",NO,ATL,57,C,N,4,12.25924141209398,53.8802607640312,0.32436904311180115,0.3442898139357567,0.3209077905615171,0.019920770823955547,-0.0034612525502840663,RETURN,0.3442898139357567
2018092300,1127,"(12:10) M.Bosher punts 44 yards to NO 28, Center-J.Harris. A.Kamara to NO 38 for 10 yards (B.Poole).",ATL,NO,44,C,N,5.04,5.783156577510243,42.653808739665905,0.427638977766037,0.44164504706859586,0.42649148960908256,0.014006069302558877,-0.0011474881569544237,RETURN,0.44164504706859586
2018092300,1435,"(8:02) M.Bosher punts 37 yards to NO 20, Center-J.Harris. A.Kamara to NO 27 for 7 yards (I.Oliver).",ATL,NO,37,C,N,4.04,5.134082196459263,31.48473280814051,0.5465599894523621,0.5579028354088466,0.5448313031593959,0.011342845956484493,-0.0017286862929661861,RETURN,0.5579028354088466
2018092300,2602,"(10:11) T.Morstead punts 49 yards to ATL 26, Center-Z.Wood. J.Hardy to ATL 32 for 6 yards (C.Robertson). PENALTY on NO-J.Hardee, Face Mask (15 Yards), 15 yards, enforced at ATL 32. Penalty on NO-Z.Wood, Offensive Holding, declined.",NO,ATL,49,R,N,4.65,10.0667224060267,40.33005454992592,0.7180368900299072,0.7320400161544481,0.7167605801423391,0.01400312612454091,-0.0012763098875681056,RETURN,0.7320400161544481
2018092301,1577,"(7:10) (Punt formation) M.King punts 42 yards to BAL 24, Center-C.Kreiter. T.White to BAL 28 for 4 yards (J.Jewell).",DEN,BAL,42,L,N,2.84,19.20937271229855,46.76710916873096,0.642164409160614,0.6578211104869842,0.6385489197572073,0.015656701326370204,-0.003615489403406724,RETURN,0.6578211104869842
2018092301,1907,"(1:54) (Punt formation) M.King punts 39 yards to BAL 13, Center-C.Kreiter. T.White to BAL 14 for 1 yard (C.Sutton).",DEN,BAL,39,L,A,4.02,3.3053441575727094,48.40420746174861,0.658470869064331,0.6637511005004247,0.6549870761235556,0.005280231436093685,-0.0034837929407754986,RETURN,0.6637511005004247
2018092301,2126,"(1:00) (Punt formation) S.Koch punts 57 yards to DEN 9, Center-M.Cox. D.Hamilton to DEN 15 for 6 yards (P.Onwuasor).",BAL,DEN,57,C,N,4.72,10.133706133493316,47.44635813210535,0.3234177231788635,0.34185243715842567,0.3205667386452357,0.018434713979562145,-0.0028509845336278095,RETURN,0.34185243715842567
2018092301,2495,"(13:56) (Punt formation) M.King punts 55 yards to BAL 11, Center-C.Kreiter. T.White to BAL 18 for 7 yards (J.Jones).",DEN,BAL,55,C,N,4.62,12.15362085964508,49.40518697464872,0.7389822602272034,0.7576834891239802,0.7375058947006862,0.018701228896776834,-0.0014763655265171982,RETURN,0.7576834891239802
2018092301,3423,"(14:16) (Punt formation) S.Koch punts 45 yards to DEN 33, Center-M.Cox. D.Hamilton to DEN 45 for 12 yards (T.Bowser).",BAL,DEN,45,C,N,3.07,14.244061920674165,40.38481397753368,0.0594935268163681,0.06971881486475467,0.05742327243089676,0.010225288048386572,-0.002070254385471343,RETURN,0.06971881486475467
2018092301,3819,"(7:32) (Punt formation) S.Koch punts 47 yards to DEN 17, Center-M.Cox. D.Hamilton pushed ob at DEN 30 for 13 yards (C.Clark).",BAL,DEN,47,L,A,4.09,14.948367803877453,55.29167839738634,0.03759549558162689,0.04245925683528185,0.03448730440189441,0.004863761253654959,-0.003108191179732482,RETURN,0.04245925683528185
2018092302,2105,"(13:02) K.Huber punts 38 yards to CAR 20, Center-C.Harris. D.Moore to CAR 24 for 4 yards (C.Fejedelem).",CIN,CAR,38,C,N,3.51,14.015295216298512,35.68758047276391,0.788023829460144,0.8025198688109716,0.7870414610703786,0.01449603935082755,-9.823683897653979e-4,RETURN,0.8025198688109716
2018092302,3100,"(10:08) M.Palardy punts 59 yards to CIN 5, Center-J.Jansen. A.Erickson to CIN 14 for 9 yards (A.Armah; B.Jacobs).",CAR,CIN,59,R,N,5.06,8.968087867544565,49.785982967096274,0.16172237694263458,0.178260125319163,0.15515430410703024,0.01653774837652841,-0.006568072835604344,RETURN,0.178260125319163
2018092303,755,"(2:14) T.Daniel punts 57 yards to NYG 15, Center-J.Weeks. S.Coley MUFFS catch, and recovers at NYG 16.",HOU,NYG,57,C,N,4.29,13.797829539460189,51.271536938149225,0.5709076523780823,0.5976206119855245,0.5682033608357112,0.026712959607442244,-0.0027042915423710623,RETURN,0.5976206119855245
2018092303,1215,"(10:46) T.Daniel punts 56 yards to NYG 18, Center-J.Weeks. S.Coley to NYG 24 for 6 yards (J.Reid).",HOU,NYG,56,C,N,4.92,3.1933994426003127,28.770331941081253,0.6546027064323425,0.6767567972342173,0.6531740150849025,0.022154090801874804,-0.0014286913474400587,RETURN,0.6767567972342173
2018092303,2467,"(5:55) R.Dixon punts 53 yards to HOU 18, Center-Z.DeOssie. T.Ervin to HOU 45 for 27 yards (S.Simonson).",NYG,HOU,53,R,N,4.69,21.381162269624166,44.23341949250588,0.1780325174331665,0.2014786167939504,0.16672512660423913,0.0234460993607839,-0.011307390828927372,RETURN,0.2014786167939504
2018092303,2722,"(2:09) R.Dixon punts 53 yards to HOU 31, Center-Z.DeOssie. T.Ervin to HOU 39 for 8 yards (C.Riley).",NYG,HOU,53,R,N,4.54,11.37409776641646,43.58833903694885,0.17938928306102753,0.18508618474006652,0.17323467642068863,0.005696901679038996,-0.0061546066403389,RETURN,0.18508618474006652
2018092303,3026,"(11:20) R.Dixon punts 53 yards to HOU 23, Center-Z.DeOssie. T.Ervin to HOU 33 for 10 yards (N.Stupar).",NYG,HOU,53,C,N,4.31,11.139896767923837,40.974046663711405,0.0994718000292778,0.11761777135233084,0.09954494707286358,0.01814597132305304,7.314704358578339e-5,RETURN,0.11761777135233084
2018092304,1035,"(14:34) B.Kern punts 52 yards to JAX 27, Center-B.Brinkley. J.Mickens to JAX 38 for 11 yards (B.Brinkley).",TEN,JAX,52,R,N,3.93,26.079144924632786,58.392823189155706,0.46073776483535767,0.4869019232193629,0.4514818115035693,0.02616415838400521,-0.009255953331788358,RETURN,0.4869019232193629
2018092304,1431,"(7:59) B.Kern punts 54 yards to JAX 18, Center-B.Brinkley. J.Mickens to JAX 26 for 8 yards (W.Compton). PENALTY on JAX-T.Herndon, Illegal Block Above the Waist, 9 yards, enforced at JAX 18.",TEN,JAX,54,C,N,4.49,12.25612091976903,41.60254920074009,0.549006462097168,0.5660177085796992,0.5427386065324148,0.017011246482531273,-0.0062678555647531775,RETURN,0.5660177085796992
2018092304,1562,"(5:49) L.Cooke punts 40 yards to TEN 42, Center-C.Tinker. A.Jackson to JAX 45 for 13 yards (J.O'Shaughnessy). PENALTY on TEN-K.Durden, Offensive Holding, 10 yards, enforced at TEN 48.",JAX,TEN,40,C,N,3.61,10.64314333268138,40.534077021686336,0.44879552721977234,0.4679687198003133,0.44547292401393257,0.019173192580540954,-0.003322603205839769,RETURN,0.4679687198003133
2018092304,1755,"(2:35) L.Cooke punts 40 yards to TEN 40, Center-C.Tinker. R.Matthews to 50 for 10 yards (C.Davis; N.Paul).",JAX,TEN,40,C,N,3.41,15.245343551393,28.23185789139638,0.44268640875816345,0.46847805519898733,0.44320914973815284,0.02579164644082388,5.22740979989389e-4,RETURN,0.46847805519898733
2018092304,2500,"(8:02) L.Cooke punts 45 yards to TEN 9, Center-C.Tinker. R.Matthews to TEN 18 for 9 yards (C.Davis; T.Herndon).",JAX,TEN,45,C,A,4.23,11.156903692333284,47.724670768901056,0.5906593799591064,0.6078911751508713,0.5872577039400736,0.017231795191764876,-0.003401676019032851,RETURN,0.6078911751508713
2018092304,3542,"(2:51) L.Cooke punts 45 yards to TEN 23, Center-C.Tinker. R.Matthews to TEN 24 for 1 yard (T.Herndon).",JAX,TEN,45,C,N,4.16,9.070049613976762,45.340940660731775,0.7399551272392273,0.7513400957981745,0.7298615737756093,0.011384968558947217,-0.010093553463617955,RETURN,0.7513400957981745
2018092305,612,"(5:54) B.Pinion punts 33 yards to KC 11, Center-K.Nelson. T.Hill pushed ob at KC 16 for 5 yards (G.Celek).",SF,KC,33,L,A,4.76,5.826834475081643,38.258993713896864,0.7619312405586243,0.7557729481657346,0.7465522034962973,-0.006158292392889675,-0.015379037062327017,FAIR_CATCH,0.7619312405586243
2018092305,3119,"(8:09) D.Colquitt punts 48 yards to SF 32, Center-J.Winchester. D.Pettis pushed ob at SF 45 for 13 yards (A.Watts). PENALTY on SF-E.Lee, Illegal Block Above the Waist, 10 yards, enforced at SF 33.",KC,SF,48,C,N,4.17,9.062626550840552,35.50135772051542,0.043717216700315475,0.04943983661631743,0.042084990553557876,0.005722619916001953,-0.0016322261467575996,RETURN,0.04943983661631743
2018092306,250,"(12:06) (Punt formation) M.Haack punts 59 yards to OAK 9, Center-J.Denney. D.Rodgers-Cromartie to OAK 8 for -1 yards (J.Denney). PENALTY on OAK-D.Harris, Illegal Block Above the Waist, 4 yards, enforced at OAK 8.",MIA,OAK,59,C,N,4.89,0.9070832376358806,46.44716568317167,0.6204464435577393,0.6346199230353038,0.6249472373723983,0.014173479477564532,0.004500793814659065,RETURN,0.6346199230353038
2018092306,2084,"(12:56) (Punt formation) M.Haack punts 56 yards to OAK 22, Center-J.Denney. D.Harris to OAK 33 for 11 yards (S.Perry; S.Anthony).",MIA,OAK,56,C,N,4.72,4.6983507744739494,59.10451928575344,0.5719211101531982,0.5934942231575648,0.571158079902331,0.021573113004366595,-7.630302508672138e-4,RETURN,0.5934942231575648
2018092306,2945,"(12:33) (Punt formation) M.Haack punts 42 yards to OAK 19, Center-J.Denney. J.Nelson MUFFS catch, touched at OAK 19, and recovers at OAK 17. J.Nelson to OAK 17 for no gain (W.Aikens).",MIA,OAK,42,C,A,4.59,4.539438291242649,43.055068226632734,0.6578266620635986,0.6676053834954897,0.6599896073341369,0.009778721431891069,0.0021629452705382857,RETURN,0.6676053834954897
2018092307,2461,"(9:45) C.Bojorquez punts 36 yards to MIN 46, Center-R.Ferguson. M.Hughes MUFFS catch, and recovers at MIN 48. PENALTY on BUF-L.Pitts, Illegal Block Above the Waist, 10 yards, enforced at MIN 48.",BUF,MIN,36,C,N,3.92,3.654435660946842,43.94785205217655,0.0021622334606945515,0.00198795509369423,0.002002507409003253,-1.7427836700032156e-4,-1.597260516912986e-4,FAIR_CATCH,0.0021622334606945515
2018092307,2923,"(2:53) M.Wile punts 60 yards to BUF 18, Center-K.McDermott. R.McCloud to BUF 31 for 13 yards (B.Gedeon).",MIN,BUF,60,C,N,4.79,15.299287565112309,42.99418565341133,0.9990862607955933,0.9990844558528624,0.9989671925703685,-1.804942730831982e-6,-1.1906822522478322e-4,FAIR_CATCH,0.9990862607955933
2018092308,150,"(12:30) R.Sanchez punts 39 yards to PHI 32, Center-L.Rhodes. C.Clement to PHI 34 for 2 yards (N.Goode). PENALTY on PHI-A.Maddox, Offensive Holding, 10 yards, enforced at PHI 31.",IND,PHI,39,C,N,4.04,2.9600168918436944,24.14249779952356,0.5725733637809753,0.582826863626639,0.5690183846155802,0.010253499845663705,-0.0035549791653951557,RETURN,0.582826863626639
2018092308,569,"(5:43) R.Sanchez punts 53 yards to PHI 38, Center-L.Rhodes. C.Clement MUFFS catch, and recovers at PHI 39. C.Clement to PHI 39 for no gain (Z.Franklin). PENALTY on PHI-L.Reynolds, Offensive Holding, 10 yards, enforced at PHI 39.",IND,PHI,53,C,N,4.13,4.628228602824194,36.47575084902297,0.782036542892456,0.7882286928097407,0.7791341185569763,0.006192149917284673,-0.002902424335479714,RETURN,0.7882286928097407
2018092308,1847,"(1:51) R.Sanchez punts 47 yards to PHI 24, Center-L.Rhodes. C.Clement to PHI 28 for 4 yards (M.Adams).",IND,PHI,47,C,A,4.33,9.088212145411225,36.61480711406248,0.6536225080490112,0.6650351264079412,0.6497425472736359,0.011412618358929927,-0.003879960775375335,RETURN,0.6650351264079412
2018092308,2966,"(1:26) R.Sanchez punts 51 yards to PHI 20, Center-L.Rhodes. C.Clement MUFFS catch, and recovers at PHI 19. C.Clement to PHI 19 for no gain (C.Milton).",IND,PHI,52,C,N,4.67,2.0247468977627805,39.61891719873222,0.5709581971168518,0.5853546960155169,0.5673550113042196,0.014396498898665122,-0.0036031858126321925,RETURN,0.5853546960155169
2018092308,4183,"(:53) C.Johnston punts 52 yards to IND 19, Center-R.Lovato. T.Hilton ran ob at IND 29 for 10 yards. PENALTY on IND-G.Odum, Offensive Holding, 10 yards, enforced at IND 21. Penalty on IND-G.Odum, Illegal Block Above the Waist, declined.",PHI,IND,52,C,N,3.72,7.403546447480427,51.27321425461837,0.1709592342376709,0.21936436315377555,0.16375604008634884,0.048405128916104656,-0.007203194151322062,RETURN,0.21936436315377555
2018092309,394,"(10:03) T.Way punts 49 yards to GB 28, Center-N.Sundberg. R.Cobb pushed ob at GB 33 for 5 yards (J.Harvey-Clemons). PENALTY on GB-J.Whitehead, Illegal Block Above the Waist, 10 yards, enforced at GB 33.",WAS,GB,49,R,N,4.12,10.312346968561522,48.07914412715767,0.23627011477947235,0.2504868265489737,0.2355139740804831,0.014216711769501345,-7.561406989892439e-4,RETURN,0.2504868265489737
2018092309,2700,"(5:46) T.Way punts 57 yards to GB 21, Center-N.Sundberg. R.Cobb to GB 32 for 11 yards (D.Everett, K.Ladler).",WAS,GB,57,R,N,4.2,8.955400605221408,57.65951265836367,0.1120915487408638,0.13322981506586073,0.11034069028993447,0.021138266324996935,-0.0017508584509293296,RETURN,0.13322981506586073
2018092309,3278,"(12:38) J.Scott punts 58 yards to WAS 26, Center-H.Bradley. G.Stroman to WAS 35 for 9 yards (M.Valdes-Scantling).",GB,WAS,58,C,N,4.51,7.590322786285174,59.8024991116592,0.9369439482688904,0.9368714691201846,0.9329186338186264,-7.247914870578409e-5,-0.004025314450263995,FAIR_CATCH,0.9369439482688904
2018092309,3402,"(10:24) T.Way punts 55 yards to GB 10, Center-N.Sundberg. R.Cobb to GB 20 for 10 yards (S.Hamilton). PENALTY on GB-D.House, Offensive Holding, 10 yards, enforced at GB 20.",WAS,GB,55,C,N,4.71,14.679131445695274,49.0245418132592,0.06491077691316605,0.07748722895979882,0.06323277321954568,0.012576452046632769,-0.0016780036936203668,RETURN,0.07748722895979882
2018092309,3692,"(6:06) T.Way punts 45 yards to GB 39, Center-N.Sundberg. R.Cobb to GB 42 for 3 yards (K.Ladler).",WAS,GB,45,R,N,4.61,3.1127158559688652,28.505643300932537,0.06179714947938919,0.06434372158100207,0.05804441881676515,0.0025465721016128817,-0.0037527306626240417,RETURN,0.06434372158100207
2018092310,301,"(12:15) D.Kaser punts 52 yards to LA 19, Center-M.Windt. J.Natson to LA 20 for 1 yard (U.Nwosu).",LAC,LA,52,L,N,4.51,9.736102916465086,47.719581934463754,0.5418533086776733,0.5548389301697413,0.5391571579376856,0.012985621492067945,-0.002696150739987746,RETURN,0.5548389301697413
2018092310,1095,"(14:47) D.Kaser punts 50 yards to LA 21, Center-M.Windt. J.Natson to LA 28 for 7 yards (A.Phillips).",LAC,LA,50,C,N,4.17,16.088769374939776,43.08101437988664,0.7659924030303955,0.79152594546477,0.7681099520126978,0.025533542434374445,0.0021175489823023197,RETURN,0.79152594546477
2018092310,3559,"(7:49) J.Hekker punts 49 yards to LAC 29, Center-J.McQuaide. J.Jones to LAC 40 for 11 yards (K.Hodge).",LA,LAC,49,R,N,4.41,16.32108145926611,35.211069282258386,0.04477126523852348,0.052794965257247285,0.04172319189955791,0.008023700018723802,-0.003048073338965576,RETURN,0.052794965257247285
2018092311,1239,"(7:34) A.Lee punts 61 yards to CHI 6, Center-A.Brewer. T.Cohen pushed ob at CHI 27 for 21 yards (C.Edmonds).",ARI,CHI,61,C,N,4.57,6.155079203389666,63.841805268961494,0.11247178167104721,0.11843685363729795,0.10901223734021187,0.0059650719662507345,-0.00345954433083534,RETURN,0.11843685363729795
2018092311,1847,"(1:35) A.Lee punts 54 yards to CHI 34, Center-A.Brewer. T.Cohen to CHI 37 for 3 yards (J.Walker).",ARI,CHI,54,R,N,4.38,6.8803560954357685,51.458158731147776,0.14210601150989532,0.1448113433023294,0.1370928044617176,0.002705331792434068,-0.005013207048177731,RETURN,0.1448113433023294
2018092311,2159,"(13:05) P.O'Donnell punts 61 yards to ARI 15, Center-P.Scales. C.Kirk to ARI 15 for no gain (S.McManis).",CHI,ARI,61,R,N,4.89,4.553174716612576,59.42907201025437,0.8819511532783508,0.8872912778457006,0.8789884797732035,0.00534012456734978,-0.0029626735051473396,RETURN,0.8872912778457006
2018092311,3922,"(:55) P.O'Donnell punts 48 yards to ARI 13, Center-P.Scales. P.Peterson pushed ob at ARI 20 for 7 yards (S.Acho).",CHI,ARI,48,C,A,4.55,8.45653593382066,51.05640018646047,0.29771867394447327,0.33439465721448264,0.2773484771947066,0.03667598327000937,-0.020370196749766645,RETURN,0.33439465721448264
2018092312,931,"(1:49) C.Jones punts 48 yards to SEA 31, Center-L.Ladouceur. T.Lockett to SEA 31 for no gain (A.Brown).",DAL,SEA,48,C,N,4.83,1.6329421300217488,44.30763929617555,0.5344981551170349,0.5477605792880058,0.5303325041135152,0.013262424170970899,-0.0041656510035197325,RETURN,0.5477605792880058
2018092312,1141,"(13:33) C.Jones punts 50 yards to SEA 29, Center-L.Ladouceur. T.Lockett to SEA 36 for 7 yards (J.Olawale).",DAL,SEA,50,L,N,4.91,8.728722701518244,40.035509238674614,0.5685176849365234,0.5781945701440175,0.560831523736318,0.009676885207494101,-0.007686161200205488,RETURN,0.5781945701440175
2018092312,2052,"(1:01) C.Jones punts 50 yards to SEA 24, Center-L.Ladouceur. T.Lockett ran ob at SEA 42 for 18 yards (L.Ladouceur).",DAL,SEA,50,C,N,4.44,17.59013928313247,50.87908214580921,0.87424468994140625,0.8785564375917116,0.8714931360880533,0.0043117476503053975,-0.002751553853352906,RETURN,0.8785564375917116
2018092312,2384,"(13:36) M.Dickson punts 61 yards to DAL 19, Center-T.Ott. T.Austin pushed ob at DAL 21 for 2 yards (M.Davis). PENALTY on DAL-B.Jones, Offensive Holding, 10 yards, enforced at DAL 21.",SEA,DAL,61,R,N,4.43,9.213517243702311,49.32352886807674,0.09449471533298492,0.1010708349198103,0.08926657053331534,0.006576119586825371,-0.0052281447996695846,RETURN,0.1010708349198103
2018092312,3440,"(8:53) M.Dickson punts 45 yards to DAL 36, Center-T.Ott. T.Austin to DAL 43 for 7 yards (SM.Griffin).",SEA,DAL,45,C,R,3.94,18.124706894181763,41.17876151610196,0.013792562298476696,0.015819693176696698,0.012992093839372196,0.002027130878220002,-8.004684591044996e-4,RETURN,0.015819693176696698
2018092312,3753,"(5:39) M.Dickson punts 48 yards to DAL 21, Center-T.Ott. T.Austin to DAL 20 for -1 yards (J.Coleman).",SEA,DAL,48,C,N,3.52,16.208670519200517,37.63098855996213,0.0482480563223362,0.05788434029867252,0.047303541637957094,0.00963628397633632,-9.445146843791025e-4,RETURN,0.05788434029867252
2018092312,4215,"(1:14) M.Dickson punts 39 yards to DAL 44, Center-T.Ott. T.Austin to SEA 44 for 12 yards (B.Mingo).",SEA,DAL,39,C,N,3.27,16.239485829298914,46.189197871363824,0.009931808337569237,0.011422728992377718,0.008901751758530736,0.0014909206548084815,-0.0010300565790385009,RETURN,0.011422728992377718
2018092313,991,"(12:41) R.Allen punts 46 yards to DET 21, Center-J.Cardona. J.Agnew to NE 48 for 31 yards (J.Cardona, N.Ebner). PENALTY on DET-N.Lawson, Illegal Block Above the Waist, 10 yards, enforced at DET 32.",NE,DET,46,C,N,4.34,17.907819521091895,28.63859808021335,0.7885066866874695,0.8049097073078155,0.7868979829549789,0.016403020620346043,-0.0016087037324905573,RETURN,0.8049097073078155
2018092313,2625,"(2:12) R.Allen punts 46 yards to DET 9, Center-J.Cardona. J.Agnew ran ob at DET 25 for 16 yards (M.Slater).",NE,DET,46,R,A,3.98,14.483266206211912,38.027480852667594,0.8640174269676208,0.8739474382003148,0.8522452918688456,0.009930011232693992,-0.011772135098775283,RETURN,0.8739474382003148
2018092313,2959,"(11:14) R.Allen punts 51 yards to DET 29, Center-J.Cardona. J.Agnew to DET 39 for 10 yards (N.Ebner). PENALTY on DET-T.Walker, Illegal Block Above the Waist, 10 yards, enforced at DET 30.",NE,DET,51,L,N,4.11,19.443585060374023,50.24072949311146,0.9737434387207031,0.9752235975364844,0.9734940884510676,0.0014801588157812295,-2.4935026963557316e-4,RETURN,0.9752235975364844
2018092400,3619,"(8:57) J.Berry punts 46 yards to TB 17, Center-K.Canaday. D.Jackson for 83 yards, TOUCHDOWN NULLIFIED by Penalty. PENALTY on TB-I.Johnson, Offensive Holding, 9 yards, enforced at TB 17.",PIT,TB,46,C,N,3.62,12.585058601373296,55.42030313883171,0.11352107673883438,0.12159745921691259,0.10929820785919825,0.008076382478078209,-0.0042228688796361324,RETURN,0.12159745921691259
2018092400,4221,"(2:49) B.Anger punts 64 yards to PIT 16, Center-G.Sanborn. R.Switzer to PIT 32 for 16 yards (C.Godwin).",TB,PIT,64,C,N,4.42,19.02447108331793,55.01825151711022,0.7403547763824463,0.7685841204722722,0.7292942128578822,0.028229344089825914,-0.011060563524564082,RETURN,0.7685841204722722
2018092700,3422,"(14:11) M.Wile punts 48 yards to LA 21, Center-K.McDermott. C.Kupp to LA 28 for 7 yards (J.Kearse). PENALTY on LA-D.Hatfield, Illegal Block Above the Waist, 10 yards, enforced at LA 25.",MIN,LA,48,C,N,4.63,5.585955603117514,58.82040802306627,0.896168053150177,0.9001628168423971,0.8941592927773794,0.003994763692220071,-0.0020087603727976244,RETURN,0.9001628168423971
2018093000,2805,"(5:03) M.Bosher punts 41 yards to CIN 29, Center-J.Harris. A.Erickson pushed ob at CIN 42 for 13 yards (L.Paulsen).",ATL,CIN,41,C,N,3.78,11.082129759211444,40.5248084511204,0.5340224504470825,0.5513824663559596,0.5300941069920858,0.017360015908877036,-0.003928343454996708,RETURN,0.5513824663559596
2018093001,303,"(11:01) B.Anger punts 51 yards to CHI 24, Center-G.Sanborn. T.Cohen to CHI 34 for 10 yards (J.Cichy; J.Rodgers).",TB,CHI,51,C,N,4.65,9.130788574926047,40.04885516466107,0.7437386512756348,0.7497038106123607,0.7335652142763138,0.005965159336725923,-0.01017343699932094,RETURN,0.7497038106123607
2018093001,430,"(9:28) P.O'Donnell punts 51 yards to TB 22, Center-P.Scales. D.Jackson to TB 29 for 7 yards (S.McManis). PENALTY on TB-M.Williams, Offensive Holding, 10 yards, enforced at TB 24.",CHI,TB,51,C,A,4.73,5.603784435539975,38.973863036655736,0.2344137281179428,0.24691280260682105,0.23291285733381908,0.012499074488878242,-0.0015008707841237257,RETURN,0.24691280260682105
2018093001,652,"(5:54) B.Anger punts 45 yards to CHI 27, Center-G.Sanborn. T.Cohen to CHI 27 for no gain.",TB,CHI,45,L,N,3.61,15.18449867463526,54.01052582599062,0.7768243551254272,0.7790052968263627,0.7638698756694794,0.0021809417009354126,-0.012954479455947854,RETURN,0.7790052968263627
2018093001,1367,"(10:55) B.Anger punts 45 yards to CHI 33, Center-G.Sanborn. T.Cohen to CHI 43 for 10 yards (A.Taylor). PENALTY on CHI-B.Braunecker, Illegal Block Above the Waist, 10 yards, enforced at CHI 37.",TB,CHI,45,C,N,4.83,10.776316624895532,38.46501397373982,0.9287575483322144,0.9308530615766843,0.9279116769631703,0.002095513244469993,-8.458713690440156e-4,RETURN,0.9308530615766843
2018093003,126,"(12:50) C.Bojorquez punts 46 yards to GB 26, Center-R.Ferguson. T.Williams to GB 35 for 9 yards (L.Pitts).",BUF,GB,46,C,N,4.58,5.354941643006026,32.501483043085905,0.5418533086776733,0.5554575876394907,0.5398199987411499,0.013604278961817373,-0.0020333099365233975,RETURN,0.5554575876394907
2018093003,799,"(1:36) C.Bojorquez punts 36 yards to GB 11, Center-R.Ferguson. T.Williams to GB 17 for 6 yards (R.Humber, L.Pitts).",BUF,GB,36,R,A,4.14,4.441013397863151,37.263496883679615,0.6996071338653564,0.7126553583145142,0.6984232157468796,0.013048224449157764,-0.0011839181184768455,RETURN,0.7126553583145142
2018093003,1173,"(9:31) C.Bojorquez punts 48 yards to GB 42, Center-R.Ferguson. T.Williams to GB 43 for 1 yard (T.Jones).",BUF,GB,48,R,N,4.55,1.798693970635364,41.50460817788792,0.9057113528251648,0.9090598032871882,0.9066756693522136,0.003348450462023367,9.643165270487586e-4,RETURN,0.9090598032871882
2018093003,2692,"(2:50) C.Bojorquez punts 49 yards to GB 16, Center-R.Ferguson. T.Williams to GB 19 for 3 yards (L.Alexander). Penalty on GB-J.Jones, Defensive Offside, declined.",BUF,GB,49,C,N,4.72,6.88619633760177,32.17344401832045,0.9898269176483154,0.9893497935434182,0.9894150445858637,-4.771241048971975e-4,-4.118730624517175e-4,FAIR_CATCH,0.9898269176483154
2018093003,2796,"(1:41) J.Scott punts 43 yards to BUF 39, Center-H.Bradley. R.McCloud to BUF 38 for -1 yards (R.Gilbert).",GB,BUF,43,C,N,4.35,6.371506886129846,36.85274752308164,0.024237601086497307,0.025428525420526663,0.022811948048571746,0.0011909243340293557,-0.001425653037925561,RETURN,0.025428525420526663
2018093003,2899,"(15:00) C.Bojorquez punts 39 yards to GB 32, Center-R.Ferguson. T.Williams to GB 33 for 1 yard (T.Jones).",BUF,GB,39,C,N,4.35,7.012331994422401,31.362584396060225,0.9907656908035278,0.9912714240203301,0.9906711580355962,5.05733216802251e-4,-9.453276793158771e-5,RETURN,0.9912714240203301
2018093004,734,"(3:24) R.Sanchez punts 57 yards to HOU 33, Center-L.Rhodes. T.Ervin to HOU 48 for 15 yards (C.Geathers).",IND,HOU,57,C,N,4.17,24.697742811844165,46.0905738736241,0.4279120862483978,0.45726435393095016,0.42581428070863087,0.029352267682552335,-0.0020978055397669615,RETURN,0.45726435393095016
2018093004,1734,"(7:28) R.Sanchez punts 49 yards to HOU 41, Center-L.Rhodes. T.Ervin to HOU 46 for 5 yards (L.Rhodes, M.Adams).",IND,HOU,49,R,N,4.33,4.886604137844608,45.22417163420465,0.7039262652397156,0.7278701496124268,0.7057036342223485,0.02394388437271122,0.0017773689826329209,RETURN,0.7278701496124268
2018093004,3535,"(14:18) T.Daniel punts 51 yards to IND 8, Center-J.Weeks. C.Rogers to IND 27 for 19 yards (A.Blue, A.Moore).",HOU,IND,51,R,N,4.78,9.373846595715124,43.35320980042885,0.12372735887765884,0.14331740920742353,0.12272118650376798,0.019590050329764686,-0.0010061723738908623,RETURN,0.14331740920742353
2018093005,725,"(1:37) L.Edwards punts 61 yards to JAX 23, Center-T.Hennessy. J.Mickens to JAX 23 for no gain (T.Brooks; D.Roberts).",NYJ,JAX,61,C,N,4.3,9.689220814905594,46.68415684148103,0.6345043182373047,0.6556502258777619,0.6317209241787592,0.021145907640457207,-0.002783394058545441,RETURN,0.6556502258777619
2018093005,2985,"(2:12) L.Edwards punts 52 yards to JAX 30, Center-T.Hennessy. J.Mickens to JAX 38 for 8 yards (T.Brooks).",NYJ,JAX,52,C,N,4.24,9.949522601612596,44.89711015199085,0.9992484450340271,0.9990537156692395,0.9991865251461665,-1.9472936478759362e-4,-6.191988786063973e-5,FAIR_CATCH,0.9992484450340271
2018093005,3121,"(:45) L.Cooke punts 40 yards to NYJ 13, Center-C.Tinker. A.Roberts to NYJ 20 for 7 yards (L.McCray). PENALTY on JAX-C.Tinker, Offensive Holding, 10 yards, enforced at NYJ 20.",JAX,NYJ,40,C,N,3.34,12.830970345223312,49.60090724976712,0.010503062047064304,0.006349901886035998,0.008682171124964952,-0.0041531601610283065,-0.001820890922099352,FAIR_CATCH,0.010503062047064304
2018093005,3731,"(8:59) L.Edwards punts 46 yards to JAX 40, Center-T.Hennessy. J.Mickens MUFFS catch, ball out of bounds at JAX 41.",NYJ,JAX,46,R,N,3.39,19.50323306531509,55.18206320898123,0.9819318056106567,0.9808826492230097,0.9819463374217351,-0.0010491563876470211,1.4531811078355439e-5,BOUNCE,0.9819463374217351
2018093005,4036,"(4:33) L.Edwards punts 48 yards to JAX 32, Center-T.Hennessy. J.Mickens to JAX 35 for 3 yards (D.Middleton).",NYJ,JAX,48,C,N,4.42,17.284241377624884,54.96648615292776,0.9927242398262024,0.9937312799692154,0.9928816717863083,0.001007040143013005,1.5743196010586935e-4,RETURN,0.9937312799692154
2018093006,724,"(3:37) M.Haack punts 44 yards to NE 26, Center-J.Denney. C.Jones to NE 35 for 9 yards (J.Denney; A.Wilson).",MIA,NE,44,C,N,4.46,14.902902401881324,32.916751054744154,0.6415961980819702,0.6592008922497431,0.6387595961491267,0.017604694167772883,-0.002836601932843519,RETURN,0.6592008922497431
2018093006,971,"(14:20) M.Haack punts 51 yards to NE 9, Center-J.Denney. C.Jones to NE 33 for 24 yards (S.Perry; J.Denney).",MIA,NE,51,C,N,4.76,10.880721483431143,49.43684658228112,0.6375234127044678,0.6518071687221527,0.6349861548344294,0.014283756017684945,-0.002537257870038334,RETURN,0.6518071687221527
2018093006,1487,"(7:50) R.Allen punts 36 yards to MIA 24, Center-J.Cardona. D.Amendola to MIA 36 for 12 yards (K.Van Noy).",NE,MIA,36,C,N,3.17,13.68599283939605,41.147403320258256,0.17648093402385712,0.18521957049767176,0.1757779966791471,0.008738636473814648,-7.029373447100251e-4,RETURN,0.18521957049767176
2018093006,1666,"(5:58) M.Haack punts 50 yards to NE 30, Center-J.Denney. C.Jones to NE 30 for no gain (W.Aikens). PENALTY on NE-J.Jackson, Unnecessary Roughness, 15 yards, enforced at NE 30.",MIA,NE,50,R,N,3.64,18.086154925798905,37.04319775613331,0.9386734962463379,0.9375136881073316,0.9325736008087794,-0.0011598081390062909,-0.006099895437558511,FAIR_CATCH,0.9386734962463379
2018093006,2346,"(14:16) R.Allen punts 44 yards to MIA 29, Center-J.Cardona. J.Grant to MIA 40 for 11 yards (N.Ebner; D.Allen).",NE,MIA,44,C,N,4.12,13.727712846647108,48.11243602230093,0.018627040088176727,0.018700931624819832,0.017300536315888168,7.38915366431045e-5,-0.0013265037722885592,RETURN,0.018700931624819832
2018093006,2469,"(11:59) M.Haack punts 52 yards to NE 19, Center-J.Denney. C.Jones to NE 26 for 7 yards (A.Wilson). PENALTY on MIA-W.Aikens, Unsportsmanlike Conduct, 15 yards, enforced at NE 26.",MIA,NE,52,C,N,4.86,12.798910109849196,28.520897601583297,0.9978488683700562,0.9971959423025449,0.9977131901184718,-6.52926067511217e-4,-1.3567825158433688e-4,FAIR_CATCH,0.9978488683700562
2018093006,3313,"(11:50) M.Haack punts 45 yards to NE 38, Center-J.Denney. C.Jones to NE 43 for 5 yards (W.Aikens; S.Anthony).",MIA,NE,45,C,N,3.55,16.187924511808177,49.92096253078461,0.9999264478683472,0.9999175429139481,0.9998861871163051,-8.904954399091558e-6,-4.026075204210944e-5,FAIR_CATCH,0.9999264478683472
2018093007,607,"(5:06) (Punt formation) C.Johnston punts 68 yards to TEN 6, Center-R.Lovato. N.Williams to TEN 16 for 10 yards (K.Grugier-Hill). PENALTY on TEN-D.Cruikshank, Illegal Block Above the Waist, 7 yards, enforced at TEN 14.",PHI,TEN,68,C,N,4.48,24.417571541822088,62.616711028287014,0.6415961980819702,0.670401378472646,0.6384323231379191,0.02880518039067581,-0.003163874944051126,RETURN,0.670401378472646
2018093007,1503,"(2:34) (Punt formation) B.Kern punts 45 yards to PHI 27, Center-B.Brinkley. D.Carter to PHI 38 for 11 yards (W.Compton; B.Brinkley). PENALTY on PHI-S.Jones, Face Mask (15 Yards), 13 yards, enforced at PHI 27.",TEN,PHI,45,C,N,3.99,13.238508224116492,39.75522104076394,0.5767059326171875,0.6006135289867719,0.5741904338200887,0.023907596369584394,-0.0025154987970987808,RETURN,0.6006135289867719
2018093007,3113,"(8:06) (Punt formation) C.Johnston punts 46 yards to TEN 25, Center-R.Lovato. N.Williams to TEN 25 for no gain (L.Reynolds).",PHI,TEN,46,R,N,3.52,2.300978052915753,36.44758565392227,0.3770983815193176,0.3798816658059756,0.36868417302767437,0.002783284286657972,-0.00841420849164326,RETURN,0.3798816658059756
2018093007,3513,"(1:54) (Punt formation) B.Kern punts 54 yards to PHI 19, Center-B.Brinkley. D.Carter to TEN 39 for 42 yards (B.Kern).",TEN,PHI,54,R,N,4.18,12.011203103769404,56.21694139669998,0.27184656262397766,0.28837586686015126,0.26384746298193934,0.016529304236173603,-0.007999099642038321,RETURN,0.28837586686015126
2018093008,362,"(9:19) A.Lee punts 47 yards to SEA 44, Center-A.Brewer. T.Lockett to SEA 38 for -6 yards (D.Bucannon).",ARI,SEA,47,L,N,4.98,8.376974394135384,37.04120003455611,0.4486531615257263,0.4573319227496783,0.4390735653042793,0.008678761223952003,-0.009579596221446995,RETURN,0.4573319227496783
2018093008,1322,"(9:36) A.Lee punts 55 yards to SEA 34, Center-A.Brewer. T.Lockett to ARI 48 for 18 yards (E.Turner).",ARI,SEA,55,L,N,4.51,9.186119964381044,39.91003006764089,0.5681050419807434,0.5889603611826897,0.5646389313538869,0.020855319201946276,-0.0034661106268565334,RETURN,0.5889603611826897
2018093008,2376,"(12:57) A.Lee punts 47 yards to SEA 14, Center-A.Brewer. T.Lockett to SEA 22 for 8 yards (E.Turner).",ARI,SEA,47,C,N,3.58,16.755551318891303,43.87406181333112,0.355688214302063,0.37692818492650987,0.3542509552836418,0.02123997062444688,-0.0014372590184211775,RETURN,0.37692818492650987
2018093008,2829,"(3:31) A.Lee punts 56 yards to SEA 19, Center-A.Brewer. T.Lockett to SEA 38 for 19 yards (E.Turner). PENALTY on ARI-Bra.Williams, Unsportsmanlike Conduct, 15 yards, enforced at SEA 38.",ARI,SEA,56,L,N,4.49,20.764094008648684,44.32798326114104,0.4514991044998169,0.4792056655883789,0.44825043638547263,0.02770656108856201,-0.0032486681143442664,RETURN,0.4792056655883789
2018093008,3728,"(7:19) M.Dickson punts 47 yards to ARI 24, Center-T.Ott. C.Kirk to ARI 24 for no gain (J.Coleman).",SEA,ARI,47,C,N,4.69,1.7557049866079495,43.790010276317595,0.5716428160667419,0.5795443413654963,0.5610230179627737,0.00790152529875432,-0.010619798103968292,RETURN,0.5795443413654963
2018093009,125,"(13:25) J.Townsend punts 47 yards to CLE 19, Center-T.Sieg. A.Callaway pushed ob at CLE 28 for 9 yards (M.Lee).",OAK,CLE,47,C,N,3.81,13.938999246717824,34.26694179526384,0.4220241606235504,0.4440793616573016,0.42168786853551865,0.022055201033751193,-3.3629208803176436e-4,RETURN,0.4440793616573016
2018093009,221,"(12:32) B.Colquitt punts 59 yards to OAK 11, Center-C.Hughlett. D.Harris to OAK 23 for 12 yards (O.Charles, N.Chubb).",CLE,OAK,59,C,N,4.45,13.896334048949742,51.02297521705295,0.5418533086776733,0.5634320242206255,0.5381284425656001,0.02157871554295221,-0.003724866112073233,RETURN,0.5634320242206255
2018093009,1255,"(11:05) J.Townsend punts 44 yards to CLE 29, Center-T.Sieg. J.Peppers to CLE 30 for 1 yard (D.Harris).",OAK,CLE,44,C,N,3.98,4.025170803829323,39.377031376171566,0.5408804416656494,0.5550653386116028,0.5408745054403941,0.014184896945953374,-5.936225255354088e-6,RETURN,0.5550653386116028
2018093009,3279,"(1:36) B.Colquitt punts 59 yards to OAK 20, Center-C.Hughlett. D.Harris to OAK 31 for 11 yards (D.Kindred).",CLE,OAK,59,C,N,4.7,8.708673837043163,46.98825491545733,0.24503770470619202,0.2714726680020491,0.2432249119877815,0.026434963295857095,-0.0018127927184105053,RETURN,0.2714726680020491
2018093009,3589,"(12:28) B.Colquitt punts 53 yards to OAK 22, Center-C.Hughlett. D.Harris to CLE 29 for 49 yards (N.Chubb; D.Fells).",CLE,OAK,53,R,N,4.32,11.615666145340096,44.65364598775781,0.73362797498703,0.7479134603341421,0.7335609235366185,0.014285485347112048,-6.705145041152605e-5,RETURN,0.7479134603341421
2018093009,4562,"(1:38) B.Colquitt punts 49 yards to OAK 33, Center-C.Hughlett. D.Harris ran ob at OAK 47 for 14 yards (N.Chubb).",CLE,OAK,49,C,N,5.03,5.592173101755707,36.480466005795485,0.043291036039590836,0.04498265468825897,0.037511876182009775,0.001691618648668132,-0.005779159857581061,RETURN,0.04498265468825897
2018093010,212,"(13:12) D.Kaser punts 55 yards to SF 17, Center-M.Windt. D.Pettis to SF 14 for -3 yards (J.Brown). SF-D.Pettis was injured during the play. He is Out.",LAC,SF,55,C,N,3.95,15.16679597014479,56.861102697714195,0.6204464435577393,0.6373098426063856,0.6249384349584579,0.01686339904864631,0.0044919914007186534,RETURN,0.6373098426063856
2018093010,334,"(11:42) B.Pinion punts 45 yards to LAC 38, Center-K.Nelson. D.King to LAC 37 for -1 yards (M.Nzeocha).",SF,LAC,45,C,N,4.33,8.173450923569552,28.493202698187503,0.36215293407440186,0.37076728492975236,0.35643978069225946,0.008614350855350505,-0.0057131533821424,RETURN,0.37076728492975236
2018093010,1942,"(:30) B.Pinion punts 55 yards to LAC 12, Center-K.Nelson. D.King to SF 32 for 56 yards (B.Pinion).",SF,LAC,55,C,N,4.69,16.512643640556174,33.86898286042852,0.4192180633544922,0.43820367187261583,0.41395452012618383,0.018985608518123642,-0.005263543228308354,RETURN,0.43820367187261583
2018093010,2134,"(13:37) B.Pinion punts 50 yards to LAC 28, Center-K.Nelson. D.King to LAC 49 for 21 yards (E.Lee).",SF,LAC,50,R,N,4.85,10.561789621082218,30.15116747325052,0.5460684895515442,0.5628533997138341,0.5416751968860626,0.01678491016228989,-0.004393292665481607,RETURN,0.5628533997138341
2018093010,2752,"(6:04) B.Pinion punts 48 yards to LAC 19, Center-K.Nelson. D.King to LAC 25 for 6 yards (T.Powell).",SF,LAC,48,R,N,4.73,7.211414563038241,32.63894606141565,0.8616275191307068,0.8702636259794235,0.8571288730700811,0.00863610684871674,-0.004498646060625666,RETURN,0.8702636259794235
2018093010,3062,"(1:17) D.Kaser punts 42 yards to SF 18, Center-M.Windt. T.Taylor to SF 26 for 8 yards (A.Ekeler). PENALTY on LAC-N.Dzubnar, Offensive Holding, 10 yards, enforced at SF 26.",LAC,SF,42,C,N,3.92,10.973390542580722,34.824729718979874,0.3838229775428772,0.40221139013767243,0.37864230970541635,0.018388412594795234,-0.005180667837460851,RETURN,0.40221139013767243
2018093011,1053,"(11:03) R.Dixon punts 53 yards to NO 20, Center-Z.DeOssie. B.Tate pushed ob at NO 32 for 12 yards (Z.DeOssie). PENALTY on NO-J.Gray, Illegal Block Above the Waist, 10 yards, enforced at NO 25. Officially, a return for 5 yards.",NYG,NO,53,C,N,4.67,15.512266114272272,49.147730364687234,0.30557554960250854,0.32443663358688357,0.30520294239123663,0.018861083984375027,-3.7260721127191365e-4,RETURN,0.32443663358688357
2018093011,1761,"(2:42) R.Dixon punts 36 yards to NO 37, Center-Z.DeOssie. B.Tate MUFFS catch, and recovers at NYG 49. B.Tate to NYG 47 for 2 yards (Z.DeOssie).",NYG,NO,36,L,N,3.04,8.041803280359453,44.32886756956464,0.5655750036239624,0.5704389948646228,0.5600891274213791,0.0048639912406603925,-0.00548587620258334,RETURN,0.5704389948646228
2018093011,2906,"(13:37) R.Dixon punts 55 yards to NO 18, Center-Z.DeOssie. B.Tate to NO 26 for 8 yards (M.Thomas).",NYG,NO,55,C,N,4.17,23.617010818475737,53.41968270216513,0.8899325132369995,0.9015473661820094,0.8885117063919703,0.011614852945009857,-0.00142080684502921,RETURN,0.9015473661820094
2018093012,1820,"(4:57) (Punt formation) S.Koch punts 51 yards to PIT 21, Center-M.Cox. R.Switzer to PIT 24 for 3 yards (D.Turner, A.Levine Sr.).",BAL,PIT,51,C,N,4.94,9.976016238960325,35.72599333818446,0.24491623044013977,0.256087552011013,0.24203734830021859,0.01117132157087325,-0.002878882139921185,RETURN,0.256087552011013
2018093012,2336,"(13:02) (Punt formation) J.Berry punts 42 yards to BAL 22, Center-K.Canaday. T.White ran ob at BAL 26 for 4 yards.",PIT,BAL,42,L,N,4.4,8.802783650641427,45.03442238998965,0.449249804019928,0.46337076246738435,0.4472366804877917,0.014120958447456367,-0.002013123532136285,RETURN,0.46337076246738435
2018100100,568,"(4:46) M.King punts 51 yards to KC 22, Center-C.Kreiter. T.Hill to DEN 41 for 37 yards (J.Jones).",DEN,KC,51,C,N,4.19,10.928096815090909,37.700580897381414,0.4279120862483978,0.4498149415850639,0.42640930900971097,0.021902855336666083,-0.0015027772386868588,RETURN,0.4498149415850639
2018100100,1592,"(2:26) D.Colquitt punts 41 yards to DEN 22, Center-J.Winchester. A.Jones to DEN 24 for 2 yards (D.Harris; C.Ward).",KC,DEN,41,C,N,3.63,4.713650390090466,39.231645389914505,0.5538352727890015,0.5638139955202739,0.5485622811317444,0.009978722731272427,-0.005272991657257031,RETURN,0.5638139955202739
2018100400,454,"(7:27) R.Sanchez punts 45 yards to NE 36, Center-L.Rhodes. J.Edelman pushed ob at IND 49 for 15 yards (N.Goode).",IND,NE,45,L,A,4.13,13.921555229212,54.13970446908627,0.7397456765174866,0.7531608831385771,0.7368442265192667,0.013415206621090525,-0.0029014499982198405,RETURN,0.7531608831385771
2018100400,1465,"(8:03) R.Allen punts 57 yards to IND 17, Center-J.Cardona. C.Rogers to IND 22 for 5 yards (N.Grigsby).",NE,IND,57,C,N,4.37,8.60886171337419,49.6827585788068,0.15519683063030243,0.165706341167291,0.15416967868804932,0.010509510536988564,-0.0010271519422531128,RETURN,0.165706341167291
2018100400,1632,"(5:35) R.Sanchez punts 51 yards to NE 37, Center-L.Rhodes. J.Edelman to NE 47 for 10 yards (R.Hewitt). PENALTY on NE-J.Jackson, Illegal Block Above the Waist, 10 yards, enforced at NE 42.",IND,NE,51,C,N,4.53,7.097548872674284,58.99615072189032,0.8737988471984863,0.8778221384684245,0.8718480958541235,0.004023291269938167,-0.0019507513443628444,RETURN,0.8778221384684245
2018100400,2618,"(11:57) R.Allen punts 59 yards to IND 32, Center-J.Cardona. C.Rogers to NE 35 for 33 yards (B.King; J.Develin).",NE,IND,59,C,N,4.22,15.775100633593436,47.57175317349572,0.0445173904299736,0.05036446113139391,0.04194487654914458,0.005847070701420307,-0.0025725138808290193,RETURN,0.05036446113139391
2018100700,736,"(5:19) C.Bojorquez punts 40 yards to TEN 37, Center-R.Ferguson. N.Williams to BUF 25 for 38 yards (L.Pitts).",BUF,TEN,40,C,N,4.48,6.249807997050792,31.05547455763637,0.23566876351833344,0.24710444251696267,0.23429108341534932,0.01143567899862924,-0.0013776801029841135,RETURN,0.24710444251696267
2018100700,2473,"(7:02) B.Kern punts 61 yards to BUF 26, Center-B.Brinkley. R.McCloud to BUF 34 for 8 yards (D.Cruikshank, L.Sims).",TEN,BUF,61,C,N,4.12,13.81666023321121,61.84358737977609,0.6182282567024231,0.6356744307279587,0.6112252094348272,0.01744617402553561,-0.00700304726759593,RETURN,0.6356744307279587
2018100700,2576,"(6:40) C.Bojorquez punts 42 yards to TEN 24, Center-R.Ferguson. N.Williams to TEN 25 for 1 yard (T.Jones).",BUF,TEN,42,R,N,3.89,12.423594487908886,31.442789316471263,0.4342948794364929,0.45160215427478156,0.42998693625132245,0.017307274838288644,-0.004307943185170471,RETURN,0.45160215427478156
2018100701,173,"(13:08) R.Dixon punts 51 yards to CAR 9, Center-Z.DeOssie. D.Byrd to CAR 6 for -3 yards (J.Davis).",NYG,CAR,51,C,N,4.74,9.95281367252496,43.77371014661654,0.5418533086776733,0.5568740543723106,0.5385623310009638,0.015020745694637294,-0.0032909776767094945,RETURN,0.5568740543723106
2018100701,317,"(10:33) M.Palardy punts 48 yards to NYG 46, Center-J.Jansen. O.Beckham to CAR 39 for 15 yards (J.Jansen).",CAR,NYG,48,L,N,4.6,9.462837840732565,42.224316453910774,0.4220241606235504,0.4360291737318039,0.4204233565926552,0.014005013108253472,-0.001600804030895242,RETURN,0.4360291737318039
2018100701,1006,"(14:21) M.Palardy punts 50 yards to NYG 3, Center-J.Jansen. O.Beckham MUFFS catch, touched at NYG 3, RECOVERED by CAR-C.Jones at NYG 0. TOUCHDOWN.",CAR,NYG,50,L,N,4.53,1.205985074534503,51.67993130800389,0.28488850593566895,0.29594446301460264,0.28419079919656115,0.011055957078933698,-6.977067391077951e-4,RETURN,0.29594446301460264
2018100701,2132,"(13:23) M.Palardy punts 55 yards to NYG 14, Center-J.Jansen. O.Beckham pushed ob at NYG 25 for 11 yards (D.Mayo). PENALTY on NYG-T.Davis, Offensive Holding, 7 yards, enforced at NYG 14.",CAR,NYG,55,C,N,4.99,3.9777506206397626,44.46932538278493,0.2408389300107956,0.2549355371793111,0.23996629004677136,0.014096607168515518,-8.726399640242299e-4,RETURN,0.2549355371793111
2018100702,1828,"(:40) K.Huber punts 50 yards to MIA 29, Center-C.Harris. J.Grant pushed ob at CIN 2 for 69 yards (C.Core). The Replay Official reviewed the runner was out of bounds ruling, and the play was REVERSED. K.Huber punts 50 yards to MIA 29, Center-C.Harris. J.Grant for 71 yards, TOUCHDOWN.",CIN,MIA,50,R,N,4.61,17.49361312022191,47.28127324850717,0.6826156973838806,0.7081658256053924,0.6792540029684703,0.025550128221511814,-0.0033616944154103434,RETURN,0.7081658256053924
2018100702,2058,"(12:58) K.Huber punts 36 yards to MIA 48, Center-C.Harris. J.Grant to MIA 48 for no gain (B.Wilson).",CIN,MIA,36,R,N,3.52,4.646557865775486,40.67089008123624,0.8930673003196716,0.8966093369573355,0.8904897326231003,0.003542036637663837,-0.002577567696571359,RETURN,0.8966093369573355
2018100702,2497,"(3:35) M.Haack punts 58 yards to CIN 8, Center-J.Denney. A.Erickson pushed ob at CIN 14 for 6 yards (B.Bolden). PENALTY on MIA-M.Spaight, Unsportsmanlike Conduct, 15 yards, enforced at CIN 14.",MIA,CIN,58,C,A,5.03,3.8796520462536326,60.93708394729765,0.07767526805400848,0.08873691601057847,0.0786588380485773,0.011061647956569984,9.835699945688198e-4,RETURN,0.08873691601057847
2018100702,3148,"(7:40) M.Haack punts 32 yards to CIN 23, Center-J.Denney. A.Erickson to CIN 36 for 13 yards (J.Denney; J.Baker).",MIA,CIN,32,R,N,4.03,8.26658938135916,24.031500161246697,0.5932077765464783,0.591487178405126,0.5804367619752884,-0.0017205981413522808,-0.012771014571189898,FAIR_CATCH,0.5932077765464783
2018100702,3909,"(:43) K.Huber punts 37 yards to MIA 31, Center-C.Harris. J.Grant pushed ob at MIA 45 for 14 yards (T.Kroft).",CIN,MIA,37,C,N,3.6,17.878626904770957,49.53457075619006,0.00887717679142952,0.012241404106219609,0.008456402756273747,0.003364227314790089,-4.207740351557729e-4,RETURN,0.012241404106219609
2018100703,818,"(:48) (Punt formation) S.Koch punts 41 yards to CLE 10, Center-M.Cox. J.Peppers to CLE 10 for no gain (C.Board). PENALTY on CLE-B.Boddy-Calhoun, Offensive Holding, 5 yards, enforced at CLE 10.",BAL,CLE,41,L,A,4.19,8.120301718532374,26.15705067472248,0.42745527625083923,0.44113216489553453,0.4246507301926613,0.013676888644695295,-0.002804546058177926,RETURN,0.44113216489553453
2018100703,970,"(13:32) B.Colquitt punts 59 yards to BAL 37, Center-C.Hughlett. T.White to BAL 48 for 11 yards (D.Kindred).",CLE,BAL,59,C,N,4.73,6.649037524333877,40.19368731529865,0.5609397888183594,0.5832021034757296,0.556820217370987,0.022262314657370275,-0.0041195714473724054,RETURN,0.5832021034757296
2018100703,1350,"(7:38) B.Colquitt punts 43 yards to BAL 28, Center-C.Hughlett. T.White to BAL 43 for 15 yards (C.Hughlett). FUMBLES (C.Hughlett), recovered by BAL-K.Young at BAL 42. K.Young to BAL 42 for no gain (J.McKinnon).",CLE,BAL,43,C,N,3.39,16.22007706516834,44.65199323658463,0.548937201499939,0.5677399853865306,0.545755669871966,0.018802783886591623,-0.0031815316279729666,RETURN,0.5677399853865306
2018100703,1637,"(2:09) S.Koch punts 47 yards to CLE 10, Center-M.Cox. J.Peppers to CLE 22 for 12 yards (A.Levine Sr.; D.Turner).",BAL,CLE,47,C,A,4.22,6.0362322685595835,37.28257635947387,0.4272393584251404,0.43987329363822936,0.42329441477855045,0.012633935213088976,-0.003944943646589927,RETURN,0.43987329363822936
2018100703,3129,"(13:50) (Punt formation) B.Colquitt punts 64 yards to BAL 2, Center-C.Hughlett. T.White to BAL 12 for 10 yards (C.Hughlett).",CLE,BAL,64,R,N,4.73,9.682520333053782,58.49795295563769,0.3512398600578308,0.3716542027393977,0.35199793030818305,0.020414342681566888,7.580702503522385e-4,RETURN,0.3716542027393977
2018100703,3424,"(9:32) (Punt formation) B.Colquitt punts 55 yards to BAL 13, Center-C.Hughlett. T.White to BAL 26 for 13 yards (R.Streater; D.Hines).",CLE,BAL,55,C,N,4.66,10.87559193791308,56.82202741895083,0.335752010345459,0.3531806871294975,0.32186437755823133,0.017428676784038533,-0.013887632787227655,RETURN,0.3531806871294975
2018100703,3718,"(4:39) (Punt formation) B.Colquitt punts 44 yards to BAL 33, Center-C.Hughlett. T.White to CLE 42 for 25 yards (G.Avery). PENALTY on BAL-K.Young, Illegal Block Above the Waist, 10 yards, enforced at BAL 44.",CLE,BAL,44,C,N,4.09,14.098687882210884,45.111387697564794,0.3270372748374939,0.34456649571657183,0.3125421186784903,0.017529220879077934,-0.014495156159003597,RETURN,0.34456649571657183
2018100704,324,"(10:47) S.Martin punts 39 yards to GB 13, Center-D.Muhlbach. K.King MUFFS catch, RECOVERED by DET-J.Agnew at GB 1. The Replay Official reviewed the kick touched ruling, and the play was Upheld. The ruling on the field stands.",DET,GB,51,C,A,4.37,0.908019823572145,29.32333030199673,0.4220241606235504,0.4382503729065259,0.421396863758564,0.016226212282975494,-6.272968649864152e-4,RETURN,0.4382503729065259
2018100704,3913,"(5:59) S.Martin punts 53 yards to GB 33, Center-D.Muhlbach. T.Williams to GB 40 for 7 yards (J.Reeves-Maybin). PENALTY on GB-J.Jackson, Illegal Block Above the Waist, 10 yards, enforced at GB 35.",DET,GB,53,C,N,4.65,3.3906341589738074,48.97702828878045,0.05212582275271416,0.05958898462355137,0.05038761548697948,0.007463161870837211,-0.0017382072657346759,RETURN,0.05958898462355137
2018100705,668,"(4:29) L.Cooke punts 25 yards to KC 12, Center-C.Tinker. T.Hill ran ob at KC 14 for 2 yards.",JAX,KC,25,L,A,4,1.9972230721679545,25.119016700500044,0.7458697557449341,0.7486422066390515,0.7412747033437093,0.002772450894117373,-0.0045950524012248195,RETURN,0.7486422066390515
2018100705,4518,"(1:13) D.Colquitt punts 63 yards to JAX 3, Center-J.Winchester. J.Mickens to JAX 9 for 6 yards (Dam. Williams).",KC,JAX,63,C,N,4.62,17.159082143284937,54.74153998564527,9.169434197247028e-4,9.81009669097451e-4,8.078752182579289e-4,6.406624937274814e-5,-1.0906820146677396e-4,RETURN,9.81009669097451e-4
2018100706,1287,"(9:17) C.Wadman punts 49 yards to NYJ 34, Center-C.Kreiter. A.Roberts to NYJ 41 for 7 yards (K.Bierria).",DEN,NYJ,49,L,N,4.43,11.896087592145571,37.06791739496569,0.7447543144226074,0.7622170336047809,0.7417269734541575,0.01746271918217346,-0.003027340968449921,RETURN,0.7622170336047809
2018100706,1377,"(8:12) L.Edwards punts 43 yards to DEN 13, Center-T.Hennessy. A.Jones to DEN 14 for 1 yard (T.Cannon).",NYJ,DEN,43,C,A,4.39,12.458475027064912,36.24970344706284,0.23948834836483002,0.2517834013700485,0.23735823060075442,0.012295053005218493,-0.0021301177640755953,RETURN,0.2517834013700485
2018100706,2167,"(:31) C.Wadman punts 50 yards to NYJ 4, Center-C.Kreiter. A.Roberts to NYJ 7 for 3 yards (Dy.Thomas). PENALTY on NYJ-D.Middleton, Illegal Block Above the Waist, 3 yards, enforced at NYJ 7.",DEN,NYJ,50,C,A,4.18,11.100423415347729,50.02802114815256,0.8546054363250732,0.860527749111255,0.8511411237716675,0.005922312786181716,-0.003464312553405735,RETURN,0.860527749111255
2018100706,2928,"(2:44) C.Wadman punts 45 yards to NYJ 25, Center-C.Kreiter. A.Roberts to NYJ 35 for 10 yards (A.Janovich). PENALTY on DEN-J.Jones, Ineligible Downfield Kick, 5 yards, enforced at NYJ 35.",DEN,NYJ,45,R,N,3.11,17.095145509763878,56.456585089783815,0.9544500708580017,0.9583263969173034,0.9556839938958486,0.00387632605930166,0.0012339230378468624,RETURN,0.9583263969173034
2018100706,3120,"(:07) C.Wadman punts 57 yards to NYJ 38, Center-C.Kreiter. A.Roberts to DEN 11 for 51 yards (J.Jones).",DEN,NYJ,57,C,N,4.77,11.60262470305749,49.95045745536272,0.9736437797546387,0.9724633908271789,0.9729714278380076,-0.0011803889274597523,-6.723519166310643e-4,FAIR_CATCH,0.9736437797546387
2018100707,1236,"(10:31) (Punt formation) J.Berry punts 51 yards to ATL 18, Center-K.Canaday. J.Hardy to ATL 21 for 3 yards (B.Allen).",PIT,ATL,51,C,N,5.09,10.40815065225326,49.66325100111752,0.26039794087409973,0.2745291448632876,0.2595165033141772,0.01413120398918788,-8.814375599225377e-4,RETURN,0.2745291448632876
2018100707,1695,"(2:21) (Punt formation) J.Berry punts 55 yards to ATL 11, Center-K.Canaday. J.Hardy to ATL 11 for no gain (C.Sutton).",PIT,ATL,55,C,N,4.9,6.501576731839735,47.75340511419054,0.3346705436706543,0.3527015342315038,0.3331869437297185,0.018030990560849502,-0.0014835999409357759,RETURN,0.3527015342315038
2018100708,375,"(8:01) J.Townsend punts 51 yards to LAC 13, Center-T.Sieg. D.King to LAC 21 for 8 yards (D.Harris).",OAK,LAC,51,R,N,4.57,13.513252754240929,54.13074911729932,0.6437076330184937,0.6592624126871427,0.6397244989871979,0.015554779668649044,-0.003983134031295799,RETURN,0.6592624126871427
2018100708,965,"(11:13) D.Jones punts 59 yards to OAK 9, Center-M.Windt. D.Harris to OAK 11 for 2 yards (A.Ekeler).",LAC,OAK,59,C,N,4.07,11.120071942213324,42.07979325044267,0.4252917766571045,0.44838518152634305,0.4233925284941991,0.023093404869238554,-0.001899248162905376,RETURN,0.44838518152634305
2018100708,1147,"(8:50) J.Townsend punts 50 yards to LAC 32, Center-T.Sieg. D.King to 50 for 18 yards (E.Harris).",OAK,LAC,50,C,N,4.11,23.36965767828019,34.50133040913061,0.5351762771606445,0.5584267194072405,0.5302147179841995,0.023250442246596004,-0.0049615591764450295,RETURN,0.5584267194072405
2018100708,1376,"(6:20) J.Townsend punts 46 yards to LAC 42, Center-T.Sieg. D.King to LAC 45 for 3 yards (D.Carrier; D.Harris).",OAK,LAC,46,R,N,4.33,9.848639499951243,32.68244941860998,0.5380188226699829,0.5520620004336039,0.5352344109614691,0.014043177763620962,-0.0027844117085138453,RETURN,0.5520620004336039
2018100708,2183,"(13:34) J.Townsend punts 50 yards to LAC 30, Center-T.Sieg. D.King to LAC 36 for 6 yards (D.Carrier). PENALTY on LAC-N.Dzubnar, Illegal Block Above the Waist, 10 yards, enforced at LAC 36.",OAK,LAC,50,L,N,4.71,15.232307769999933,32.19957297853498,0.9160391092300415,0.9205133185784022,0.9133215949932734,0.004474209348360736,-0.002717514236768137,RETURN,0.9205133185784022
2018100709,383,"(7:15) C.Johnston punts 55 yards to MIN 37, Center-R.Lovato. M.Hughes to 50 for 13 yards (A.Maddox).",PHI,MIN,55,C,N,4.25,18.138142131982537,38.08055934463149,0.43513959646224976,0.45982800592978795,0.43024102012316384,0.024688409467538197,-0.004898576339085914,RETURN,0.45982800592978795
2018100709,1469,"(2:56) C.Johnston punts 41 yards to MIN 35, Center-R.Lovato. B.Zylstra to MIN 44 for 9 yards (R.Lovato, M.Jenkins).",PHI,MIN,41,L,N,3.19,18.903251043140703,36.55387393970713,0.703129231929779,0.7244647435347239,0.7004329188664754,0.021335511604944846,-0.002696313063303646,RETURN,0.7244647435347239
2018100710,666,"(5:40) B.Pinion punts 40 yards to ARI 49, Center-K.Nelson. C.Kirk to 50 for 1 yard (M.Nzeocha). PENALTY on ARI-Bra.Williams, Illegal Block Above the Waist, 10 yards, enforced at ARI 49.",SF,ARI,40,C,N,4.55,2.211650967037971,31.457107305027268,0.48591944575309753,0.49692147483428317,0.4833538775642713,0.011002029081185638,-0.0025655681888262505,RETURN,0.49692147483428317
2018100710,1778,"(3:55) A.Lee punts 51 yards to SF 36, Center-A.Brewer. T.Taylor to SF 36 for no gain (R.Ford).",ARI,SF,51,C,N,4.86,1.4956603892595366,54.46555608822882,0.2928753197193146,0.28811211983362833,0.28125174338618913,-0.004763199885686242,-0.01162357633312544,FAIR_CATCH,0.2928753197193146
2018100710,2408,"(13:15) A.Lee punts 52 yards to SF 16, Center-A.Brewer. T.Taylor to SF 19 for 3 yards (E.Turner).",ARI,SF,52,C,N,4.59,9.621876116433834,40.28965624077723,0.23399955034255981,0.24763308693965277,0.23063383320967357,0.01363353659709296,-0.003365717132886248,RETURN,0.24763308693965277
2018100710,2788,"(6:29) A.Lee punts 29 yards to SF 10, Center-A.Brewer. T.Taylor MUFFS catch, and recovers at SF 10. T.Taylor to SF 10 for no gain (J.Walker).",ARI,SF,29,C,A,4.21,0.9264987857520386,25.59676737402596,0.24952419102191925,0.250587535003821,0.24743804280956586,0.0010633439819017765,-0.0020861482123533948,RETURN,0.250587535003821
2018100711,156,"(13:38) J.Hekker punts 38 yards to SEA 17, Center-J.McQuaide. T.Lockett to SEA 14 for -3 yards (S.Ebukam).",LA,SEA,38,C,N,3.29,9.861384284166196,52.36089093970806,0.5462617874145508,0.5638564571738243,0.5477638707558314,0.017594669759273485,0.0015020833412806578,RETURN,0.5638564571738243
2018100712,2851,"(2:42) C.Jones punts 49 yards to HOU 11, Center-L.Ladouceur. T.Ervin to HOU 24 for 13 yards (J.Heath; J.Thomas).",DAL,HOU,49,L,N,4.51,13.700364958642528,48.53360073186411,0.5594602227210999,0.5714653184016546,0.5518618414799372,0.012005095680554745,-0.007598381241162633,RETURN,0.5714653184016546
2018100712,2943,"(1:09) T.Daniel punts 52 yards to DAL 15, Center-J.Weeks. T.Austin to DAL 15 for no gain (J.Webb).",HOU,DAL,52,C,N,3.65,18.456546264130782,52.39704667249863,0.46010667085647583,0.4875076366464297,0.4542473297317823,0.02740096578995388,-0.005859341124693551,RETURN,0.4875076366464297
2018100712,3117,"(13:41) C.Jones punts 48 yards to HOU 24, Center-L.Ladouceur. T.Ervin to HOU 40 for 16 yards (G.Swaim; L.Vander Esch).",DAL,HOU,48,L,N,5,9.260912482039773,38.603871567499546,0.5862292051315308,0.589758405884107,0.5762972813844681,0.0035292007525762337,-0.009931923747062643,RETURN,0.589758405884107
2018100712,3630,"(3:40) T.Daniel punts 47 yards to DAL 23, Center-J.Weeks. T.Austin to DAL 45 for 22 yards (J.Bademosi).",HOU,DAL,47,C,N,4.26,10.541313959843905,40.08206830990636,0.46798986196517944,0.4900504003961881,0.46072748084863024,0.022060538431008636,-0.007262381116549199,RETURN,0.4900504003961881
2018101100,708,"(5:03) R.Dixon punts 51 yards to PHI 33, Center-Z.DeOssie. D.Carter pushed ob at NYG 44 for 23 yards (N.Stupar).",NYG,PHI,51,R,N,4.66,10.335153603115923,36.3305188512358,0.56221604347229,0.5831439866622289,0.5599844004710516,0.020927943189938847,-0.002231643001238459,RETURN,0.5831439866622289
2018101100,983,"(:25) R.Dixon punts 52 yards to PHI 18, Center-Z.DeOssie. D.Carter to PHI 20 for 2 yards (J.Davis).",NYG,PHI,52,C,N,4.86,6.834215390225857,44.08544544404649,0.7451292872428894,0.757934139718612,0.7424703651666641,0.012804852475722606,-0.002658922076225312,RETURN,0.757934139718612
2018101100,1288,"(9:59) R.Dixon punts 50 yards to PHI 11, Center-Z.DeOssie. D.Carter to PHI 14 for 3 yards (A.Hamilton, R.Armstrong).",NYG,PHI,50,C,N,4.63,2.178623418583403,48.87949672408668,0.805889368057251,0.8123705024023851,0.8047160996993383,0.0064811343451340875,-0.001173268357912649,RETURN,0.8123705024023851
2018101100,1387,"(8:25) C.Johnston punts 44 yards to NYG 33, Center-R.Lovato. O.Beckham MUFFS catch, and recovers at NYG 33. O.Beckham to NYG 32 for -1 yards (C.Clement; D.Goedert).",PHI,NYG,44,C,A,4.51,5.348429676082504,47.06133232283166,0.2475491464138031,0.24244305317600567,0.23246006200710934,-0.005106093237797427,-0.015089084406693765,FAIR_CATCH,0.2475491464138031
2018101100,1879,"(3:15) R.Dixon punts 50 yards to PHI 31, Center-Z.DeOssie. D.Carter to 50 for 19 yards (S.Chandler).",NYG,PHI,50,C,N,4.51,9.065274402906947,32.03944131847495,0.8967985510826111,0.9012925827503204,0.8923474631706874,0.004494031667709342,-0.0044510879119237234,RETURN,0.9012925827503204
2018101100,3441,"(12:27) R.Dixon punts 50 yards to PHI 17, Center-Z.DeOssie. D.Carter MUFFS catch, and recovers at PHI 18.",NYG,PHI,50,R,N,4.88,4.174937125275064,42.51543837243125,0.9963952898979187,0.9961181168506543,0.994679652651151,-2.771730472643785e-4,-0.0017156372467677095,FAIR_CATCH,0.9963952898979187
2018101100,3539,"(10:18) C.Johnston punts 50 yards to NYG 28, Center-R.Lovato. O.Beckham to NYG 37 for 9 yards (D.Goedert).",PHI,NYG,50,C,A,4.3,11.121303880391002,52.572996871017345,0.010287291370332241,0.010424762973561883,0.010120908580720425,1.374716032296417e-4,-1.6638278961181655e-4,RETURN,0.010424762973561883
2018101100,4155,"(1:53) C.Johnston punts 53 yards to NYG 18, Center-R.Lovato. O.Beckham pushed ob at NYG 10 for -8 yards (J.Perkins).",PHI,NYG,53,C,A,4.58,5.275992797569006,30.132789449368943,7.912095170468092e-4,7.350788544863463e-4,7.476357857619101e-4,-5.613066256046292e-5,-4.357373128489905e-5,FAIR_CATCH,7.912095170468092e-4
2018101400,619,"(4:53) B.Anger punts 37 yards to ATL 14, Center-G.Sanborn. J.Hardy MUFFS catch, and recovers at ATL 14. J.Hardy to ATL 14 for no gain (J.Watson). Penalty on ATL-J.Bethel, Running Into the Kicker, declined.",TB,ATL,37,C,A,4.44,2.849298159196401,44.83302465816912,0.5812425017356873,0.587169036368529,0.5759736253817876,0.005926534632841762,-0.00526887635389961,RETURN,0.587169036368529
2018101400,1135,"(10:54) B.Anger punts 44 yards to ATL 28, Center-G.Sanborn. J.Hardy to ATL 42 for 14 yards (A.Taylor).",TB,ATL,44,C,N,3.74,17.217026456389036,37.0787809939863,0.7765887379646301,0.7933084680140019,0.7743396363655726,0.016719730049371773,-0.002249101599057557,RETURN,0.7933084680140019
2018101400,1655,"(3:34) M.Bosher punts 51 yards to TB 39, Center-J.Harris. D.Jackson to TB 48 for 9 yards (J.Bethel).",ATL,TB,51,R,N,4.98,5.322189399110109,45.081058106481926,0.09666387736797333,0.1000434901813666,0.09100643269717694,0.0033796128133932735,-0.005657444670796388,RETURN,0.1000434901813666
2018101400,2231,"(13:16) M.Bosher punts 54 yards to TB 34, Center-J.Harris. A.Humphries ran ob at TB 40 for 6 yards (J.Bethel).",ATL,TB,54,C,N,5.13,8.116088959591318,44.12114232428712,0.15428340435028076,0.15992451230684915,0.14757578189174334,0.005641107956568386,-0.006707622458537427,RETURN,0.15992451230684915
2018101401,1376,"(8:36) J.Berry punts 69 yards to CIN 12, Center-K.Canaday. A.Erickson to CIN 31 for 19 yards (V.McDonald). PENALTY on CIN-T.McRae, Illegal Block Above the Waist, 9 yards, enforced at CIN 18. {Erickson credited with 6 return yards due to the penalty}",PIT,CIN,69,C,N,4.61,15.69228154221049,53.190000000000005,0.5446959733963013,0.5692337049047153,0.5380327578385671,0.024537731508413985,-0.006663215557734192,RETURN,0.5692337049047153
2018101401,1571,"(5:36) K.Huber punts 51 yards to PIT 18, Center-C.Harris. R.Switzer ran ob at PIT 25 for 7 yards (M.Jefferson).",CIN,PIT,51,C,N,4.51,13.95725617734375,42.78680404049828,0.42061206698417664,0.441833343009154,0.4193888356288274,0.021221276024977365,-0.0012232313553492413,RETURN,0.441833343009154
2018101401,2661,"(5:27) K.Huber punts 63 yards to PIT 9, Center-C.Harris. R.Switzer ran ob at PIT 24 for 15 yards (J.Evans).",CIN,PIT,63,L,N,4.25,9.744577979574077,68.39623162134008,0.6253267526626587,0.6412348245580991,0.6218817446629207,0.015908071895440412,-0.0034450079997380145,RETURN,0.6412348245580991
2018101402,178,"(12:54) (Punt formation) B.Colquitt punts 54 yards to LAC 11, Center-C.Hughlett. D.King to LAC 43 for 32 yards (S.DeValve). CLE-R.Streater was injured during the play. His return is Questionable.",CLE,LAC,54,C,N,4.8,13.7328584060275,48.10076922461844,0.4220241606235504,0.44274995038906734,0.42025315274794894,0.020725789765516922,-0.0017710078756014713,RETURN,0.44274995038906734
2018101402,643,"(6:18) (Punt formation) D.Jones punts 41 yards to LAC 49, Center-M.Windt. J.Peppers to LAC 35 for 14 yards (N.Dzubnar). PENALTY on CLE-D.Ratley, Offensive Holding, 10 yards, enforced at LAC 44.",LAC,CLE,41,R,N,4.09,10.72185151921066,38.56625079003663,0.36535024642944336,0.39107553879419965,0.37073806424935657,0.02572529236475629,0.00538781781991321,RETURN,0.39107553879419965
2018101402,1005,"(:01) (Punt formation) D.Jones punts 37 yards to LAC 46, Center-M.Windt. J.Peppers to LAC 33 for 13 yards (M.Davis; R.Jenkins).",LAC,CLE,37,C,N,3.54,9.921169285925927,42.265704773492175,0.3750268518924713,0.38372343371311823,0.3695649626851082,0.00869658182064692,-0.005461889207363124,RETURN,0.38372343371311823
2018101402,1357,"(10:02) (Punt formation) D.Jones punts 41 yards to CLE 28, Center-M.Windt. J.Peppers to LAC 39 for 33 yards (R.Jenkins).",LAC,CLE,41,C,N,4.65,5.338885651519439,36.92424948458669,0.3873620927333832,0.39776973843574526,0.38441671083370843,0.010407645702362078,-0.0029453818996747483,RETURN,0.39776973843574526
2018101402,1474,"(7:54) (Punt formation) B.Colquitt punts 29 yards to LAC 11, Center-C.Hughlett. K.Allen MUFFS catch, touched at LAC 11, and recovers at LAC 11. K.Allen to LAC 11 for no gain (D.Hines).",CLE,LAC,29,R,N,4.25,5.8742914466342215,33.6846226043873,0.5767529010772705,0.5820301508903504,0.5701175940036773,0.005277249813079865,-0.006635307073593166,RETURN,0.5820301508903504
2018101402,2461,"(12:14) (Punt formation) D.Jones punts 47 yards to CLE 21, Center-M.Windt. J.Peppers MUFFS catch, touched at CLE 21, and recovers at CLE 28. J.Peppers to CLE 28 for no gain (K.Emanuel).",LAC,CLE,47,C,N,3.95,21.42021941997794,43.74822739266129,0.11563286930322647,0.12350513972342014,0.10833157661060493,0.007872270420193672,-0.007301292692621544,RETURN,0.12350513972342014
2018101402,2651,"(10:32) (Punt formation) B.Colquitt punts 49 yards to LAC 15, Center-C.Hughlett. D.King to LAC 19 for 4 yards (B.Boddy-Calhoun).",CLE,LAC,49,C,N,4.77,13.809435180339568,44.720381259555474,0.9952552914619446,0.9948366741711895,0.9949695269266764,-4.186172907550967e-4,-2.857645352681848e-4,FAIR_CATCH,0.9952552914619446
2018101403,532,"(7:48) T.Daniel punts 38 yards to BUF 36, Center-J.Weeks. R.McCloud MUFFS catch, touched at BUF 40, RECOVERED by HOU-B.Scarlett at BUF 29. B.Scarlett to BUF 29 for no gain (A.Holmes).",HOU,BUF,38,C,N,4.73,6.727176227809104,36.82472674711924,0.43513959646224976,0.44310576031605403,0.4273682298262914,0.007966163853804276,-0.007771366635958343,RETURN,0.44310576031605403
2018101403,856,"(1:24) C.Bojorquez punts 49 yards to HOU 19, Center-R.Ferguson. T.Ervin pushed ob at HOU 20 for 1 yard (L.Pitts).",BUF,HOU,49,L,N,4.72,7.16634495401945,45.969195120210664,0.7478910088539124,0.7594576973716418,0.7457373483975729,0.011566688517729462,-0.002153660456339468,RETURN,0.7594576973716418
2018101403,1546,"(6:03) C.Bojorquez punts 60 yards to HOU 34, Center-R.Ferguson. T.Ervin to HOU 40 for 6 yards (R.Humber). (The Punt Hang-time was 5.15 secs.)",BUF,HOU,60,L,N,5.32,14.771763604932222,49.33210820550852,0.8315079212188721,0.8452646418909232,0.8295833528041839,0.013756720672051137,-0.0019245684146881326,RETURN,0.8452646418909232
2018101403,2424,"(4:39) C.Bojorquez punts 42 yards to HOU 41, Center-R.Ferguson. T.Ervin to HOU 41 for no gain (L.Pitts). PENALTY on HOU-S.Wright, Illegal Block Above the Waist, 10 yards, enforced at HOU 41.",BUF,HOU,42,C,N,3.97,8.754713016427216,49.29318411301911,0.7919837832450867,0.8020854540665945,0.7844871407747269,0.010101670821507813,-0.007496642470359749,RETURN,0.8020854540665945
2018101403,2530,"(3:41) T.Daniel punts 53 yards to BUF 13, Center-J.Weeks. M.Hyde pushed ob at BUF 21 for 8 yards (B.Scarlett).",HOU,BUF,53,R,N,4.37,18.2591127933424,40.18159280068424,0.20302413403987885,0.22169069533546765,0.19756704996029537,0.0186665612955888,-0.00545708407958348,RETURN,0.22169069533546765
2018101403,3013,"(10:39) T.Daniel punts 45 yards to BUF 14, Center-J.Weeks. M.Hyde to BUF 14 for no gain (T.Adams). PENALTY on BUF-S.Neal, Offensive Holding, 7 yards, enforced at BUF 14.",HOU,BUF,45,R,N,4.68,12.841140915043336,35.77330988320762,0.6707078814506531,0.6871518820524216,0.6692065463463466,0.016444000601768538,-0.0015013351043065004,RETURN,0.6871518820524216
2018101404,1273,"(6:30) (Punt formation) M.Haack punts 47 yards to CHI 30, Center-J.Denney. T.Cohen to CHI 35 for 5 yards (S.Perry).",MIA,CHI,47,C,N,4.13,6.674443797051562,44.67349661712187,0.23948834836483002,0.253295674820741,0.23824782595038413,0.013807326455910984,-0.0012405224144458882,RETURN,0.253295674820741
2018101405,135,"(13:42) A.Lee punts 51 yards to MIN 26, Center-A.Brewer. M.Sherels pushed ob at MIN 31 for 5 yards (D.Gardeck).",ARI,MIN,51,L,N,4.4,4.84484261870291,43.20361674674935,0.5418533086776733,0.5537183021505674,0.538829225897789,0.011864993472894048,-0.0030240827798843073,RETURN,0.5537183021505674
2018101405,953,"(:19) A.Lee punts 49 yards to MIN 30, Center-A.Brewer. M.Sherels to MIN 31 for 1 yard (Bra.Williams).",ARI,MIN,49,L,N,4.4,5.4471276834676825,35.915285046898894,0.7338013052940369,0.7465083542466163,0.7309379386901855,0.012707048952579458,-0.002863366603851336,RETURN,0.7465083542466163
2018101405,1271,"(9:43) M.Wile punts 50 yards to ARI 42, Center-K.McDermott. C.Kirk to ARI 49 for 7 yards (E.Wilson).",MIN,ARI,50,R,N,4.68,7.759188101857049,49.633159278853086,0.2507797181606293,0.26232908010482786,0.2481802922487259,0.011549361944198588,-0.0025994259119033747,RETURN,0.26232908010482786
2018101405,2545,"(7:58) A.Lee punts 61 yards to MIN 37, Center-A.Brewer. M.Sherels to ARI 43 for 20 yards (E.Turner).",ARI,MIN,61,C,N,4.49,23.861106428663355,48.21691197080128,0.8544526100158691,0.8736396582921346,0.8506998288631439,0.019187048276265495,-0.0037527811527252597,RETURN,0.8736396582921346
2018101405,3258,"(9:59) M.Wile punts 47 yards to ARI 21, Center-K.McDermott. C.Kirk to ARI 31 for 10 yards (A.Harris; C.Ham).",MIN,ARI,47,R,N,4.78,6.829846264741255,31.806015154369778,0.016394026577472687,0.01808668750959138,0.015458009693150719,0.0016926609321186933,-9.360168843219677e-4,RETURN,0.01808668750959138
2018101405,3642,"(5:35) M.Wile punts 43 yards to ARI 32, Center-K.McDermott. C.Kirk to ARI 37 for 5 yards (J.Kearse). PENALTY on ARI-E.Turner, Offensive Holding, 10 yards, enforced at ARI 32.",MIN,ARI,43,R,N,3.79,8.75514134666025,38.88625978414483,0.05761095881462097,0.060201232085625334,0.054007348231971265,0.002590273271004362,-0.0036036105826497064,RETURN,0.060201232085625334
2018101406,742,"(2:30) R.Sanchez punts 48 yards to NYJ 21, Center-L.Rhodes. A.Roberts to NYJ 27 for 6 yards (G.Odum; N.Goode).",IND,NYJ,48,L,A,4.39,15.102691813051075,46.645029745943994,0.638334333896637,0.6505183583498001,0.6355226222674052,0.012184024453163134,-0.0028117116292317723,RETURN,0.6505183583498001
2018101407,2457,"(9:03) (Punt formation) J.Townsend punts 37 yards to SEA 20, Center-T.Sieg. T.Lockett to SEA 20 for no gain (N.Morrow).",OAK,SEA,37,C,N,4.52,8.665194746801717,26.698992490354392,0.9635649919509888,0.9646275584275524,0.9624082835515341,0.0010625664765636644,-0.0011567083994546978,RETURN,0.9646275584275524
2018101408,251,"(10:41) T.Way punts 51 yards to CAR 21, Center-N.Sundberg. D.Moore to CAR 22 for 1 yard (S.Hamilton, Z.Vigil). FUMBLES (S.Hamilton), RECOVERED by WAS-J.Sprinkle at CAR 22.",WAS,CAR,51,C,N,4.73,6.27236000242333,37.90341937081667,0.4220241606235504,0.43885437995195387,0.42139106124639514,0.01683021932840345,-6.330993771552773e-4,RETURN,0.43885437995195387
2018101408,1939,"(1:06) M.Palardy punts 40 yards to CAR 43, Center-J.Jansen. G.Stroman to CAR 33 for 10 yards (C.Samuel).",CAR,WAS,40,C,N,3.81,1.076707945545124,46.13365907881143,0.8474927544593811,0.8522735193868478,0.8433391503492991,0.0047807649274667074,-0.004153604110082032,RETURN,0.8522735193868478
2018101409,129,"(13:39) C.Wadman punts 46 yards to LA 26, Center-C.Kreiter. J.Natson to LA 29 for 3 yards (J.Jewell; T.Patrick).",DEN,LA,46,C,A,4.51,5.98546572958195,43.00820386856442,0.4220241606235504,0.43619557698567707,0.4213052107890447,0.014171416362126654,-7.18949834505711e-4,RETURN,0.43619557698567707
2018101409,2433,"(10:25) C.Wadman punts 48 yards to LA 16, Center-C.Kreiter. J.Natson to LA 42 for 26 yards (T.Patrick).",DEN,LA,48,C,A,3.86,8.787809738495698,37.15612466337144,0.8308556079864502,0.840066756606102,0.8280181314547856,0.009211148619651777,-0.002837476531664551,RETURN,0.840066756606102
2018101410,117,"(13:06) (Punt formation) L.Cooke punts 53 yards to DAL 14, Center-M.Overton. T.Austin to DAL 17 for 3 yards (J.O'Shaughnessy).",JAX,DAL,53,C,N,4.68,8.054917752528588,40.402694217093995,0.5418533086776733,0.5582161524891853,0.5395709979534149,0.016362843811511985,-0.0022823107242584406,RETURN,0.5582161524891853
2018101410,2085,"(12:55) (Punt formation) L.Cooke punts 40 yards to DAL 24, Center-M.Overton. C.Beasley to DAL 30 for 6 yards (J.Wilson).",JAX,DAL,40,C,N,3.9,7.480888984606033,36.13522658016689,0.997819185256958,0.9972396445274353,0.997637477517128,-5.795407295227095e-4,-1.817077398300615e-4,FAIR_CATCH,0.997819185256958
2018101410,3770,"(:35) (Punt formation) C.Jones punts 39 yards to JAX 30, Center-L.Ladouceur. D.Westbrook to JAX 36 for 6 yards (L.Vander Esch; K.Frazier).",DAL,JAX,39,C,N,4.4,11.939254583096885,37.9806503367175,1.3780973677057773e-4,7.683454390644328e-5,1.0257947959568506e-4,-6.0975192864134444e-5,-3.523025717489267e-5,FAIR_CATCH,1.3780973677057773e-4
2018101411,897,"(15:00) (Punt formation) B.Kern punts 45 yards to BAL 42, Center-B.Brinkley. C.Jones to BAL 48 for 6 yards (D.Bates).",TEN,BAL,45,R,N,4.66,13.088670673525248,40.02691594414937,0.6719605326652527,0.682457387248675,0.6613991576433181,0.01049685458342231,-0.01056137502193455,RETURN,0.682457387248675
2018101411,1511,"(4:24) (Punt formation) B.Kern punts 46 yards to BAL 27, Center-B.Brinkley. C.Jones to BAL 31 for 4 yards (K.Byard). PENALTY on BAL-M.Judon, Unnecessary Roughness, 15 yards, enforced at BAL 31.",TEN,BAL,46,C,N,4.45,8.3519578542998,46.35580761889496,0.8486279845237732,0.8560763308405877,0.8455737245082855,0.007448346316814458,-0.0030542600154876975,RETURN,0.8560763308405877
2018101411,1915,"(:35) (Punt formation) B.Kern punts 45 yards to BAL 18, Center-B.Brinkley. C.Jones to BAL 44 for 26 yards (D.Fluellen).",TEN,BAL,45,R,N,4.17,9.204042590079638,46.23913926534533,0.8880892992019653,0.8933325072129568,0.885955875913302,0.005243208010991429,-0.002133423288663283,RETURN,0.8933325072129568
2018101411,3377,"(5:47) (Punt formation) S.Koch punts 46 yards to TEN 11, Center-M.Cox. C.Batson to TEN 11 for no gain (A.McClellan).",BAL,TEN,46,C,N,4.68,12.849046657242704,45.60858033309084,0.0013508184347301722,0.0013401343037063877,0.0012892060331068933,-1.0684131023784441e-5,-6.161240162327886e-5,FAIR_CATCH,0.0013508184347301722
2018101411,3461,"(3:25) (Punt formation) B.Kern punts 44 yards to 50, Center-B.Brinkley. C.Jones to TEN 36 for 14 yards (D.Bates).",TEN,BAL,44,C,N,3.34,23.53979609087556,48.193569073062015,0.9992128610610962,0.9992132857954129,0.9985946786403656,4.2473431671741224e-7,-6.181824207306397e-4,RETURN,0.9992132857954129
2018101500,1718,"(5:15) J.Scott punts 40 yards to SF 40, Center-H.Bradley. R.James ran ob at SF 40 for no gain (T.Brown). Penalty on GB-R.Gilbert, Illegal Formation, declined.",GB,SF,40,L,N,4.77,5.077105474578992,39.3516467253913,0.5056651830673218,0.511979646384716,0.5031993367274602,0.00631446331739427,-0.002465846339861577,RETURN,0.511979646384716
2018101500,3265,"(5:45) B.Pinion punts 45 yards to GB 42, Center-K.Nelson. T.Williams to GB 48 for 6 yards (A.Colbert).",SF,GB,45,C,N,4.49,3.080016233723449,35.976428394158305,0.21738462150096893,0.23910219768683116,0.21826017747322718,0.02171757618586223,8.755559722582462e-4,RETURN,0.23910219768683116
2018101800,284,"(12:29) A.Lee punts 54 yards to DEN 23, Center-A.Brewer. P.Lindsay pushed ob at DEN 23 for no gain (R.Ford).",ARI,DEN,54,R,N,4.41,3.3654271645661944,59.83934909405349,0.6123891472816467,0.6277775021394094,0.6162841554482777,0.015388354857762687,0.00389500816663102,RETURN,0.6277775021394094
2018101800,1126,"(15:00) A.Lee punts 56 yards to DEN 21, Center-A.Brewer. P.Lindsay pushed ob at DEN 36 for 15 yards (D.Gardeck).",ARI,DEN,56,L,N,4.1,2.9642030969553974,43.60645021094929,0.8814913034439087,0.8846982201933861,0.8813174368937811,0.003206916749477373,-1.7386655012763264e-4,RETURN,0.8846982201933861
2018101800,2889,"(6:01) C.Wadman punts 46 yards to ARI 28, Center-C.Kreiter. C.Kirk to ARI 37 for 9 yards (T.Patrick).",DEN,ARI,46,C,N,4.15,10.406344218792688,32.91524418867344,0.007963772863149643,0.008032924987686176,0.00770724362693727,6.915212453653327e-5,-2.565292362123727e-4,RETURN,0.008032924987686176
2018101800,3244,"(2:02) A.Lee punts 48 yards to DEN 27, Center-A.Brewer. P.Lindsay pushed ob at DEN 35 for 8 yards (D.Coleman).",ARI,DEN,48,C,N,4.3,16.522399946738982,40.4588741810743,0.9995798468589783,0.9995378280438794,0.9992559462785721,-4.201881509890981e-5,-3.2390058040621117e-4,FAIR_CATCH,0.9995798468589783
2018101800,3703,"(8:14) C.Wadman punts 48 yards to ARI 24, Center-C.Kreiter. C.Kirk to ARI 32 for 8 yards (A.Janovich).",DEN,ARI,48,L,N,4.61,8.551643116968815,40.92453176274592,1.0859018220799044e-4,9.314559174526949e-5,9.974653565829309e-5,-1.544459046272095e-5,-8.84364654969735e-6,FAIR_CATCH,1.0859018220799044e-4
2018102100,469,"(7:12) (Punt formation) B.Kern punts 49 yards to LAC 30, Center-B.Brinkley. D.King pushed ob at TEN 13 for 57 yards (D.Cruikshank). PENALTY on LAC-J.Jackson, Illegal Block Above the Waist, 10 yards, enforced at LAC 32.",TEN,LAC,49,L,N,4.58,7.337097518774023,42.34871544687041,0.6443849802017212,0.6574907143910725,0.6411738274494807,0.013105734189351348,-0.003211152752240487,RETURN,0.6574907143910725
2018102100,2133,"(5:45) (Punt formation) D.Jones punts 40 yards to TEN 19, Center-M.Windt. A.Jackson to TEN 19 for no gain (M.Davis).",LAC,TEN,40,C,A,4.23,12.41022965138035,35.98531089208485,0.3128902018070221,0.32511832932631174,0.30868925849596657,0.012228127519289644,-0.004200943311055527,RETURN,0.32511832932631174
2018102100,2261,"(4:07) (Punt formation) B.Kern punts 54 yards to LAC 22, Center-B.Brinkley. D.King to LAC 34 for 12 yards (H.Landry).",TEN,LAC,54,L,N,4.14,14.39880550601334,38.32784105581739,0.7293094396591187,0.7443959887822469,0.7235248140494028,0.015086549123128234,-0.005784625609715821,RETURN,0.7443959887822469
2018102101,2344,"(7:43) (Punt formation) T.Morstead punts 52 yards to BAL 31, Center-Z.Wood. C.Jones to BAL 39 for 8 yards (Z.Wood).",NO,BAL,52,C,N,4.45,19.61851421489406,38.429623989833686,0.6906647086143494,0.7101705676317215,0.6870987745126088,0.019505859017372118,-0.0035659341017405533,RETURN,0.7101705676317215
2018102101,3053,"(11:28) (Punt formation) S.Koch punts 53 yards to NO 32, Center-M.Cox. A.Kamara to NO 44 for 12 yards (C.Jones).",BAL,NO,53,C,N,4.24,8.668679253496466,57.25897134947501,0.34402504563331604,0.35571545173724495,0.3349841351310412,0.011690406103928908,-0.009040910502274846,RETURN,0.35571545173724495
2018102102,560,"(7:44) R.Allen punts 47 yards to CHI 20, Center-J.Cardona. T.Cohen pushed ob at CHI 37 for 17 yards (K.Crossen).",NE,CHI,47,C,N,4.27,6.454215676594643,34.08463730186959,0.3196733891963959,0.33370271722475686,0.31627857397,0.014029328028360988,-0.0033948152263958975,RETURN,0.33370271722475686
2018102102,1651,"(9:57) P.O'Donnell punts 43 yards to NE 33, Center-P.Scales. J.Edelman to NE 36 for 3 yards (B.Cunningham).",CHI,NE,43,C,N,4.25,12.178148463539111,55.7410530937477,0.3188354969024658,0.32705566624800364,0.31071178873380023,0.00822016934553782,-0.008123708168665589,RETURN,0.32705566624800364
2018102102,2179,"(1:48) P.O'Donnell punts 50 yards to NE 7, Center-P.Scales. J.Edelman MUFFS catch, and recovers at NE 4. J.Edelman to NE 4 for no gain (J.Bellamy).",CHI,NE,53,C,A,4.09,6.468941180749746,46.194988905724394,0.5642163753509521,0.588995430469513,0.5617398935556411,0.024779055118560822,-0.002476481795311014,RETURN,0.588995430469513
2018102104,789,"(1:15) L.Cooke punts 54 yards to HOU 18, Center-M.Overton. T.Ervin MUFFS catch, ball out of bounds at HOU 18.",JAX,HOU,54,R,N,4.77,6.750059258999142,52.121428414808435,0.6668998599052429,0.6857318649689357,0.6657924544811249,0.01883200506369276,-0.0011074054241180242,RETURN,0.6857318649689357
2018102104,2463,"(7:14) T.Daniel punts 61 yards to JAX 32, Center-J.Weeks. D.Westbrook to HOU 47 for 21 yards (B.Scarlett).",HOU,JAX,61,R,N,4.25,15.003656221068246,51.21802905227807,0.04405215010046959,0.05025615006685257,0.0421345412855347,0.006203999966382982,-0.0019176088149348916,RETURN,0.05025615006685257
2018102105,124,"(13:43) K.Huber punts 60 yards to KC 8, Center-C.Harris. T.Hill ran ob at KC 27 for 19 yards. PENALTY on KC-J.Shaw, Offensive Holding, 5 yards, enforced at KC 10.",CIN,KC,60,R,N,4.6,3.548126266073404,53.635618762162146,0.5418533086776733,0.5571939893563589,0.5385812944173813,0.015340680678685548,-0.003272014260292,RETURN,0.5571939893563589
2018102105,738,"(3:42) K.Huber punts 37 yards to KC 13, Center-C.Harris. T.Hill ran ob at KC 22 for 9 yards.",CIN,KC,37,C,A,4.06,2.155203006679423,39.796072670553805,0.7345761060714722,0.7446028340856234,0.7305497427781423,0.010026728014151276,-0.004026363293329838,RETURN,0.7446028340856234
2018102105,3075,"(3:11) K.Huber punts 55 yards to KC 8, Center-C.Harris. T.Hill ran ob at KC 18 for 10 yards.",CIN,KC,55,L,N,4.75,15.174402788907374,54.36861778636642,0.9994219541549683,0.9993956281999514,0.9993068220218023,-2.63259550168371e-5,-1.1513213316594051e-4,FAIR_CATCH,0.9994219541549683
2018102105,3594,"(12:01) K.Huber punts 49 yards to KC 19, Center-C.Harris. D.Robinson pushed ob at KC 30 for 11 yards (M.Jefferson). CIN-M.Schreck was injured during the play.  PENALTY on KC-J.Shaw, Illegal Block Above the Waist, 9 yards, enforced at KC 19.",CIN,KC,49,R,N,4.48,5.371517476467894,40.08207205222804,0.9999315738677979,0.9999244399819872,0.9999007858832677,-7.133885810639562e-6,-3.078798453015619e-5,FAIR_CATCH,0.9999315738677979
2018102106,125,"(13:01) (Punt formation) M.Haack punts 49 yards to DET 27, Center-J.Denney. G.Tate to DET 36 for 9 yards (K.Ballage).",MIA,DET,49,C,N,4.49,6.2539587462662425,31.61731329509197,0.4220241606235504,0.4388553696870804,0.4217148090402285,0.016831209063529973,-3.0935158332190404e-4,RETURN,0.4388553696870804
2018102106,581,"(3:48) (Punt formation) S.Martin punts 61 yards to MIA 20, Center-D.Muhlbach. J.Grant to MIA 39 for 19 yards (J.Reeves-Maybin; M.Killebrew).",DET,MIA,61,R,N,4.31,7.831557954838871,64.53055477833736,0.33136123418807983,0.3510079170266787,0.3299573866526286,0.019646682838598883,-0.0014038475354512525,RETURN,0.3510079170266787
2018102106,2576,"(14:14) (Punt formation) M.Haack punts 51 yards to DET 14, Center-J.Denney. G.Tate to DET 20 for 6 yards (M.Fitzpatrick).",MIA,DET,51,C,N,5.22,6.189095248903508,28.372037290261694,0.9212558269500732,0.9256831635038058,0.9198413401842117,0.004427336553732508,-0.0014144867658615334,RETURN,0.9256831635038058
2018102107,592,"(7:11) L.Edwards punts 47 yards to MIN 14, Center-T.Hennessy. M.Sherels to MIN 14 for no gain (T.Cannon).",NYJ,MIN,47,R,N,4.78,3.3420053859920684,22.573907504018887,0.6451075077056885,0.6633460672696432,0.6419661112626394,0.018238559563954704,-0.003141396443049116,RETURN,0.6633460672696432
2018102107,1029,"(14:56) M.Wile punts 49 yards to NYJ 11, Center-K.McDermott. A.Roberts MUFFS catch, and recovers at NYJ 7. A.Roberts to NYJ 7 for no gain (J.Kearse).",MIN,NYJ,53,R,N,4.78,1.0630145812734646,42.072657391707494,0.537741482257843,0.5507039737701416,0.5354079178969066,0.012962491512298557,-0.0023335643609364576,RETURN,0.5507039737701416
2018102107,1497,"(9:09) L.Edwards punts 58 yards to MIN 12, Center-T.Hennessy. M.Sherels to MIN 20 for 8 yards (N.Hewitt).",NYJ,MIN,58,C,N,4.32,13.936032433946185,45.02652218415276,0.547101616859436,0.5742203938961029,0.5457901972532272,0.027118777036666875,-0.0013114196062088412,RETURN,0.5742203938961029
2018102107,1817,"(4:56) L.Edwards punts 60 yards to MIN 22, Center-T.Hennessy. M.Sherels pushed ob at MIN 33 for 11 yards (D.Middleton). NYJ-D.Middleton was injured during the play.",NYJ,MIN,60,C,N,4.56,20.31545224699661,55.23989862409235,0.5517660975456238,0.5809811915953954,0.5490606667598089,0.02921509404977163,-0.0027054307858148663,RETURN,0.5809811915953954
2018102107,1917,"(3:51) M.Wile punts 53 yards to NYJ 12, Center-K.McDermott. A.Roberts to NYJ 20 for 8 yards (H.Hill).",MIN,NYJ,53,C,N,4.93,6.56902580296348,35.580637993155776,0.43229395151138306,0.4461521151661873,0.42586834331353507,0.013858163654804245,-0.006425608197847987,RETURN,0.4461521151661873
2018102107,2078,"(1:54) L.Edwards punts 53 yards to MIN 45, Center-T.Hennessy. M.Sherels ran ob at NYJ 35 for 20 yards. PENALTY on NYJ-T.Cannon, Player Out of Bounds on Kick, 5 yards, enforced at NYJ 35.",NYJ,MIN,53,C,N,4.87,9.92351248298706,33.11406347762232,0.5764246582984924,0.5947958858807881,0.568301791548729,0.0183712275822957,-0.00812286674976348,RETURN,0.5947958858807881
2018102107,2406,"(13:31) L.Edwards punts 31 yards to MIN 31, Center-T.Hennessy. B.Zylstra to MIN 36 for 5 yards (N.Hewitt; C.Peake).",NYJ,MIN,31,L,N,4.03,4.842323822298549,32.944330316459606,0.5787432789802551,0.5819156314929327,0.5721730615695317,0.0031723525126775565,-0.006570217410723389,RETURN,0.5819156314929327
2018102107,3222,"(14:56) L.Edwards punts 57 yards to MIN 36, Center-T.Hennessy. M.Sherels ran ob at MIN 49 for 13 yards.",NYJ,MIN,57,R,N,4.86,18.303849321932265,34.15177008589746,0.8803438544273376,0.8921931530535221,0.8789447597662607,0.011849298626184446,-0.001399094661076905,RETURN,0.8921931530535221
2018102108,130,"(13:32) C.Johnston punts 47 yards to CAR 38, Center-R.Lovato. D.Moore to CAR 41 for 3 yards (S.Gibson).",PHI,CAR,47,C,N,3.55,8.236583029387852,43.73077291793503,0.4220241606235504,0.4395621238152186,0.421124752163887,0.01753796319166817,-8.994084596634089e-4,RETURN,0.4395621238152186
2018102108,791,"(:35) M.Palardy punts 54 yards to PHI 13, Center-J.Jansen. D.Carter to PHI 26 for 13 yards (C.Jones, D.Byrd).",CAR,PHI,54,C,N,4.59,2.36881827078398,45.884822109277046,0.5316671133041382,0.5470820160706839,0.528182845711708,0.015414902766545668,-0.003484267592430146,RETURN,0.5470820160706839
2018102108,1103,"(10:06) M.Palardy punts 47 yards to PHI 11, Center-J.Jansen. D.Carter to PHI 12 for 1 yard (C.Samuel).",CAR,PHI,47,C,N,4.53,1.6832409215557929,32.54472921995204,0.7359981536865234,0.7509492754936218,0.7344050216674805,0.014951121807098344,-0.0015931320190429865,RETURN,0.7509492754936218
2018102108,3353,"(2:28) C.Johnston punts 53 yards to CAR 22, Center-R.Lovato. D.Byrd to CAR 31 for 9 yards (T.Sullivan).",PHI,CAR,53,C,N,4.21,15.392368238838364,49.15037843191037,0.2744579613208771,0.3061397170027097,0.26642323886354763,0.031681755681832624,-0.008034722457329446,RETURN,0.3061397170027097
2018102109,811,"(1:48) B.Colquitt punts 41 yards to TB 32, Center-C.Hughlett. A.Humphries pushed ob at TB 45 for 13 yards (C.Hughlett).",CLE,TB,41,R,N,4.83,6.7566633777331235,23.972125479397945,0.6291571259498596,0.6403865312536557,0.6270016533136368,0.011229405303796125,-0.002155472636222844,RETURN,0.6403865312536557
2018102109,1838,"(1:49) B.Colquitt punts 79 yards to TB 2, Center-C.Hughlett. A.Humphries pushed ob at TB 10 for 8 yards (T.Vallejo). PENALTY on TB-R.Smith, Illegal Block Above the Waist, 1 yard, enforced at TB 2.",CLE,TB,79,R,N,4.41,22.348693474116104,62.38807898949926,0.9031785130500793,0.9145611910025279,0.9002555942535401,0.011382677952448517,-0.0029229187965392756,RETURN,0.9145611910025279
2018102109,2756,"(7:10) B.Colquitt punts 53 yards to TB 14, Center-C.Hughlett. A.Humphries ran ob at TB 27 for 13 yards.",CLE,TB,53,C,N,4.59,12.555317598531714,41.26997576931686,0.8000996708869934,0.8143129793802897,0.7942247897386551,0.014213308493296273,-0.00587488114833834,RETURN,0.8143129793802897
2018102109,3906,"(2:50) B.Anger punts 43 yards to TB 48, Center-G.Sanborn. J.Peppers to TB 16 for 32 yards (D.Bond).",TB,CLE,43,C,N,3.91,3.9616410741004806,32.174828670872515,0.13437040150165558,0.1526383272310098,0.13302687947948774,0.018267925729354234,-0.0013435220221678368,RETURN,0.1526383272310098
2018102110,1029,"(11:53) T.Way punts 41 yards to DAL 11, Center-N.Sundberg. C.Beasley to DAL 16 for 5 yards (Z.Vigil).",WAS,DAL,41,R,N,3.98,4.876402362397912,43.25963129755037,0.23579837381839752,0.24544031659762064,0.2352024688323339,0.009641942779223117,-5.959049860636279e-4,RETURN,0.24544031659762064
2018102110,1412,"(3:58) T.Way punts 40 yards to DAL 16, Center-N.Sundberg. C.Beasley to DAL 17 for 1 yard (K.Ladler; J.Harvey-Clemons).",WAS,DAL,40,C,N,4.54,4.890746364308817,26.54579627737694,0.21903061866760254,0.22916053305069606,0.2176114298403263,0.010129914383093519,-0.0014191888272762354,RETURN,0.22916053305069606
2018102110,2448,"(2:32) C.Jones punts 45 yards to WAS 46, Center-L.Ladouceur. G.Stroman to WAS 49 for 3 yards (C.Goodwin).",DAL,WAS,45,C,N,4.4,6.559153908851355,46.71524162412093,0.7142761945724487,0.7239152387777964,0.7090558183193206,0.009639044205347669,-0.005220376253128101,RETURN,0.7239152387777964
2018102110,3711,"(1:18) T.Way punts 37 yards to DAL 31, Center-N.Sundberg. C.Beasley to DAL 36 for 5 yards (R.Anderson; K.Ladler).",WAS,DAL,37,C,N,3.94,1.0793516572461408,20.36150289148618,0.27092865109443665,0.26142044415076576,0.24254385088880856,-0.009508206943670883,-0.028384800205628086,FAIR_CATCH,0.27092865109443665
2018102111,126,"(13:03) J.Hekker punts 50 yards to SF 24, Center-J.McQuaide. R.James to SF 30 for 6 yards (M.Kiser).",LA,SF,50,L,N,2.78,23.344012080188783,43.99231978425324,0.5663902163505554,0.5804510436455409,0.557209575176239,0.014060827294985478,-0.009180641174316384,RETURN,0.5804510436455409
2018102111,2168,"(13:03) B.Pinion punts 34 yards to LA 35, Center-K.Nelson. J.Natson to SF 46 for 19 yards (F.Warner). PENALTY on LA-B.Hager, Offensive Holding, 10 yards, enforced at LA 35. Penalty on LA-D.Hatfield, Unnecessary Roughness, declined.",SF,LA,34,C,N,4.11,11.03435090977263,42.687070642057414,0.914537787437439,0.9185470365484556,0.9130989573399226,0.004009249111016633,-0.0014388300975163304,RETURN,0.9185470365484556
2018102111,3243,"(12:29) B.Pinion punts 46 yards to SF 49, Center-K.Nelson. J.Natson pushed ob at SF 13 for 36 yards (G.Celek).",SF,LA,46,C,N,4.09,10.656528515421895,46.593395454720834,0.999110758304596,0.9991036063618958,0.9991610004504522,-7.151942700178715e-6,5.024214585624964e-5,BOUNCE,0.9991610004504522
2018102200,171,"(12:37) M.Bosher punts 49 yards to NYG 11, Center-J.Harris. Q.Henderson to NYG 19 for 8 yards (K.Ishmael).",ATL,NYG,49,R,N,4.67,16.308280105516953,41.52305504174759,0.4220241606235504,0.4401865403850873,0.4208168969551722,0.018162379761536895,-0.0012072636683782,RETURN,0.4401865403850873
2018102200,1153,"(7:36) M.Bosher punts 39 yards to NYG 21, Center-J.Harris. Q.Henderson to NYG 42 for 21 yards (J.Bethel).",ATL,NYG,39,C,N,4.76,4.0461957441527625,36.210995567644915,0.43027743697166443,0.4425477233529091,0.4287506094574928,0.012270286381244666,-0.0015268275141716026,RETURN,0.4425477233529091
2018102500,386,"(9:41) T.Daniel punts 42 yards to MIA 23, Center-J.Weeks. J.Grant to MIA 31 for 8 yards (P.Kalambayi).",HOU,MIA,42,C,N,3.87,9.78081796170443,58.126848357708155,0.41951003670692444,0.43598217924435934,0.4178214246034622,0.016472142537434897,-0.001688612103462217,RETURN,0.43598217924435934
2018102500,2736,"(6:55) T.Daniel punts 53 yards to MIA 28, Center-J.Weeks. J.Grant pushed ob at MIA 49 for 21 yards (J.Reid).",HOU,MIA,53,C,N,4.63,11.6829148760059,52.7904915680845,0.11627564579248428,0.1368621084590753,0.1136477114011844,0.020586462666591004,-0.00262793439129988,RETURN,0.1368621084590753
2018102500,3779,"(6:06) M.Haack punts 50 yards to HOU 26, Center-J.Denney. T.Ervin to MIA 46 for 28 yards (J.Baker; M.Spaight). PENALTY on HOU-J.Bademosi, Illegal Block Above the Waist, 10 yards, enforced at HOU 39. Penalty on HOU-J.Akins, Illegal Block Above the Waist, declined.",MIA,HOU,50,C,N,4.59,14.644760155086187,44.65949395145449,0.9989136457443237,0.9988845750503242,0.9980963488419851,-2.9070693999488917e-5,-8.172969023386711e-4,FAIR_CATCH,0.9989136457443237
2018102800,776,"(15:00) (Punt formation) L.Cooke punts 53 yards to PHI 33, Center-M.Overton. D.Carter to PHI 33 for no gain (B.Brown). PENALTY on PHI-R.Douglas, Offensive Holding, 10 yards, enforced at PHI 33.",JAX,PHI,53,C,N,4.47,13.604943954313075,59.77194827007064,0.33247220516204834,0.3522488572200139,0.3310930295785268,0.019776652057965582,-0.0013791755835215191,RETURN,0.3522488572200139
2018102800,1437,"(1:54) (Punt formation) C.Johnston punts 51 yards to JAX 34, Center-R.Lovato. R.Greene to JAX 42 for 8 yards (K.Grugier-Hill, T.Sullivan).",PHI,JAX,51,C,N,4.26,17.22916713018944,43.5606106476941,0.658470869064331,0.6771844327449799,0.6542834639549255,0.018713563680648804,-0.004187405109405518,RETURN,0.6771844327449799
2018102800,2455,"(3:22) (Punt formation) C.Johnston punts 60 yards to JAX 25, Center-R.Lovato. D.Westbrook to JAX 48 for 23 yards (K.Grugier-Hill).",PHI,JAX,60,C,N,4.72,9.609755459947976,53.47011314743966,0.3429619073867798,0.36128596752882003,0.3363272275527318,0.018324060142040244,-0.006634679834047974,RETURN,0.36128596752882003
2018102801,696,"(3:01) S.Koch punts 53 yards to CAR 42, Center-M.Cox. D.Byrd to CAR 46 for 4 yards (C.Board).",BAL,CAR,53,C,N,4.41,13.945612213165829,38.97665583397323,0.3196733891963959,0.3396970617771149,0.3162261449297269,0.02002367258071902,-0.0034472442666689807,RETURN,0.3396970617771149
2018102801,2345,"(11:59) M.Palardy punts 51 yards to BAL 12, Center-J.Jansen. C.Jones pushed ob at BAL 35 for 23 yards (D.Moore).",CAR,BAL,51,R,N,4.84,16.34640633289164,48.96016441965856,0.0635102242231369,0.0752576157823205,0.06071957861383756,0.011747391559183598,-0.0027906456092993415,RETURN,0.0752576157823205
2018102801,3502,"(9:05) S.Koch punts 57 yards to CAR 29, Center-M.Cox. D.Byrd to CAR 46 for 17 yards (C.Clark).",BAL,CAR,57,C,N,4.54,11.721996416993136,58.48536911057328,0.9983866214752197,0.9978867384511978,0.997497880657514,-4.998830240219299e-4,-8.887408177057354e-4,FAIR_CATCH,0.9983866214752197
2018102802,498,"(6:33) L.Edwards punts 55 yards to CHI 15, Center-T.Hennessy. T.Cohen pushed ob at CHI 25 for 10 yards (E.Tomlinson). PENALTY on CHI-D.Bush, Illegal Block Above the Waist, 10 yards, enforced at CHI 22.",NYJ,CHI,55,R,N,3.92,18.712736304453177,59.68091152118908,0.5421303510665894,0.5639918160438537,0.5384287693103155,0.021861464977264378,-0.003701581756273886,RETURN,0.5639918160438537
2018102802,1539,"(4:30) P.O'Donnell punts 39 yards to NYJ 26, Center-P.Scales. A.Roberts to NYJ 35 for 9 yards (B.Braunecker). PENALTY on NYJ-I.Campbell, Illegal Block Above the Waist, 10 yards, enforced at NYJ 34.",CHI,NYJ,39,C,A,4.45,7.840408152641026,34.91009166415923,0.30582499504089355,0.3178124292691549,0.3036705982685089,0.011987434228261318,-0.002154396772384659,RETURN,0.3178124292691549
2018102802,1977,"(:06) L.Edwards punts 35 yards to CHI 45, Center-T.Hennessy. T.Cohen ran ob at NYJ 47 for 8 yards.",NYJ,CHI,35,L,A,4.06,9.624302572134772,29.03758426591303,0.7367135286331177,0.7336409312486648,0.7224261265993118,-0.0030725973844528687,-0.014287402033805852,FAIR_CATCH,0.7367135286331177
2018102802,2689,"(5:39) L.Edwards punts 40 yards to CHI 29, Center-T.Hennessy. T.Cohen pushed ob at 50 for 21 yards (E.Tomlinson).",NYJ,CHI,40,C,N,2.98,12.636000158277934,39.96329440874463,0.8924808502197266,0.8962982624769211,0.8846786771217982,0.0038174122571945635,-0.007802173097928411,RETURN,0.8962982624769211
2018102802,3570,"(5:37) L.Edwards punts 48 yards to CHI 15, Center-T.Hennessy. T.Cohen MUFFS catch, touched at CHI 15, and recovers at CHI 13. T.Cohen to CHI 13 for no gain (T.Cannon).",NYJ,CHI,48,L,A,3.71,13.00161528426372,47.02750259156869,0.9930152893066406,0.9912710629031062,0.9919645317395528,-0.0017442264035344435,-0.0010507575670878344,FAIR_CATCH,0.9930152893066406
2018102803,561,"(6:20) K.Huber punts 51 yards to TB 26, Center-C.Harris. A.Humphries to TB 34 for 8 yards (T.McRae; C.Harris).",CIN,TB,51,C,N,4.17,7.570812373847336,43.58682599134743,0.4255644977092743,0.4437684272726377,0.42372389713923136,0.01820392956336342,-0.0018406005700429273,RETURN,0.4437684272726377
2018102803,673,"(4:36) B.Anger punts 44 yards to CIN 20, Center-G.Sanborn. A.Erickson to CIN 37 for 17 yards (R.Bullough).",TB,CIN,44,C,N,3.62,10.506764487700297,40.371011877335945,0.5553127527236938,0.5726903482278188,0.5520740433533986,0.017377595504124987,-0.003238709370295245,RETURN,0.5726903482278188
2018102803,4054,"(6:36) B.Anger punts 61 yards to CIN 18, Center-G.Sanborn. A.Erickson to CIN 30 for 12 yards (I.Johnson; G.Sanborn).",TB,CIN,61,R,N,4.93,13.317886468955953,43.66634974439701,0.9456159472465515,0.9470694360633691,0.9391307270526886,0.0014534888168176163,-0.006485220193862884,RETURN,0.9470694360633691
2018102804,1965,"(12:34) S.Martin punts 50 yards to SEA 16, Center-D.Muhlbach. T.Lockett to SEA 26 for 10 yards (J.Reeves-Maybin).",DET,SEA,50,L,N,4.74,16.921066751242368,43.787422851773314,0.9039290547370911,0.9113169209410746,0.9018792678912481,0.007387866203983573,-0.0020497868458430046,RETURN,0.9113169209410746
2018102804,3188,"(8:37) M.Dickson punts 50 yards to DET 16, Center-T.Ott. B.Powell to DET 21 for 5 yards (A.King).",SEA,DET,50,C,N,4.38,7.177722480007154,34.410489679747364,0.04166801646351814,0.04710262378056844,0.04047950916613142,0.005434607317050297,-0.0011885072973867247,RETURN,0.04710262378056844
2018102804,3842,"(:17) M.Dickson punts 60 yards to DET 19, Center-T.Ott. B.Powell to DET 22 for 3 yards (A.King).",SEA,DET,60,C,N,4.66,10.03611478611121,67.6163360438881,6.964781787246466e-4,8.853939839173109e-4,6.26965069580668e-4,1.8891580519266428e-4,-6.951310914397857e-5,RETURN,8.853939839173109e-4
2018102805,115,"(13:43) C.Wadman punts 44 yards to KC 23, Center-C.Kreiter. T.Hill ran ob at KC 37 for 14 yards.",DEN,KC,44,C,N,3.61,2.1772000367444453,36.232506123645386,0.5418533086776733,0.557006662885348,0.5395724121729533,0.015153354207674608,-0.0022808965047200758,RETURN,0.557006662885348
2018102805,216,"(12:07) D.Colquitt punts 55 yards to DEN 8, Center-J.Winchester. I.McKenzie pushed ob at DEN 19 for 11 yards (C.Ward).",KC,DEN,55,L,N,4.84,10.545297530179033,45.02994226067806,0.4220241606235504,0.44075385441382725,0.4212299128373464,0.018729693790276836,-7.942477862040165e-4,RETURN,0.44075385441382725
2018102805,1544,"(6:11) C.Wadman punts 50 yards to KC 11, Center-C.Kreiter. T.Hill to KC 8 for -3 yards (S.Barrett).",DEN,KC,50,L,N,4.45,7.1535236072861315,45.65728419431011,0.661647379398346,0.673141107459863,0.6594230461120606,0.01149372806151705,-0.0022243332862853515,RETURN,0.673141107459863
2018102805,3622,"(7:21) D.Colquitt punts 41 yards to DEN 10, Center-J.Winchester. I.McKenzie to DEN 12 for 2 yards (C.Ward). DEN-I.McKenzie was injured during the play.",KC,DEN,41,R,A,4.47,4.642208526122024,51.81622236327153,0.07646474242210388,0.07978397188087305,0.07291054189205169,0.0033192294587691684,-0.00355420053005219,RETURN,0.07978397188087305
2018102805,3716,"(5:15) C.Wadman punts 59 yards to KC 23, Center-C.Kreiter. T.Hill to KC 27 for 4 yards (J.Jewell).",DEN,KC,59,R,N,4.33,2.958445537778243,61.058734018975535,0.9678557515144348,0.9648800181845824,0.96442709227403,-0.002975733329852459,-0.0034286592404048077,FAIR_CATCH,0.9678557515144348
2018102806,219,"(11:44) T.Way punts 47 yards to NYG 17, Center-N.Sundberg. Q.Henderson to NYG 14 for -3 yards (K.Bibbs, D.Everett). WAS-K.Bibbs was injured during the play.  PENALTY on NYG-N.Stupar, Illegal Block Above the Waist, 7 yards, enforced at NYG 14. Officially, a return for 0 yards.",WAS,NYG,47,R,N,4.65,5.741724479631537,41.2222876609244,0.5462617874145508,0.5640745301047961,0.546657762726148,0.017812742690245353,3.9597531159718535e-4,RETURN,0.5640745301047961
2018102806,1086,"(11:14) T.Way punts 46 yards to NYG 32, Center-N.Sundberg. Q.Henderson to NYG 30 for -2 yards (J.Chesson).",WAS,NYG,46,C,N,3.82,12.795663327862306,54.32919012832789,0.31039199233055115,0.3243968697388967,0.3078128362695376,0.01400487740834555,-0.0025791560610135544,RETURN,0.3243968697388967
2018102806,1880,"(:41) T.Way punts 54 yards to NYG 18, Center-N.Sundberg. Q.Henderson pushed ob at NYG 37 for 19 yards (T.Way).",WAS,NYG,54,C,N,4.52,12.289442623650595,41.67931381392933,0.37969690561294556,0.39699960440397264,0.3758905403812726,0.017302698791027082,-0.003806365231672937,RETURN,0.39699960440397264
2018102806,3389,"(5:26) T.Way punts 58 yards to NYG 13, Center-N.Sundberg. Q.Henderson to NYG 14 for 1 yard (Z.Vigil, S.Hamilton).",WAS,NYG,58,R,N,4.55,16.969319373504646,50.081678286575034,0.06621573865413666,0.07476957994202772,0.06505152836441994,0.008553841287891065,-0.0011642102897167217,RETURN,0.07476957994202772
2018102807,484,"(7:01) (Punt formation) J.Berry punts 48 yards to CLE 37, Center-K.Canaday. J.Peppers to 50 for 13 yards (T.Edmunds). PENALTY on CLE-D.Hilliard, Illegal Block Above the Waist, 10 yards, enforced at 50.",PIT,CLE,48,L,N,4.06,8.853530369293367,35.94871068619847,0.5484640002250671,0.5647445696592331,0.5423356409867605,0.016280569434166003,-0.00612835923830668,RETURN,0.5647445696592331
2018102807,651,"(6:17) (Punt formation) B.Colquitt punts 52 yards to PIT 15, Center-C.Hughlett. R.Switzer ran ob at PIT 38 for 23 yards.",CLE,PIT,52,C,N,4.79,15.147253876528248,46.026900829840805,0.43841397762298584,0.460863943596681,0.43552542001008987,0.02244996597369514,-0.00288855761289597,RETURN,0.460863943596681
2018102807,985,"(:36) (Punt formation) J.Berry punts 45 yards to CLE 31, Center-K.Canaday. J.Peppers to CLE 44 for 13 yards (R.Nix). PENALTY on PIT-R.Nix, Tripping, 10 yards, enforced at CLE 44.",PIT,CLE,45,C,N,4.14,20.026744618135023,37.07139733001712,0.6705659031867981,0.6897811784346899,0.6640054663022359,0.019215275247891794,-0.006560436884562204,RETURN,0.6897811784346899
2018102807,2487,"(10:43) (Punt formation) B.Colquitt punts 45 yards to PIT 25, Center-C.Hughlett. R.Switzer to PIT 34 for 9 yards (T.Vallejo).",CLE,PIT,45,C,N,4.71,7.320245897509175,56.46471907306367,0.836260199546814,0.8443820526699225,0.8319405571619669,0.008121853123108536,-0.0043196423848470555,RETURN,0.8443820526699225
2018102807,3463,"(11:12) (Punt formation) B.Colquitt punts 54 yards to PIT 28, Center-C.Hughlett. R.Switzer pushed ob at PIT 42 for 14 yards (S.DeValve).",CLE,PIT,54,C,N,4.33,5.180366782381341,58.10225641057325,0.9744368195533752,0.9735265708838899,0.9736893723408381,-9.102486694853029e-4,-7.474472125371667e-4,FAIR_CATCH,0.9744368195533752
2018102808,420,"(7:29) J.Townsend punts 55 yards to IND 12, Center-T.Sieg. C.Rogers to IND 22 for 10 yards (N.Morrow).",OAK,IND,55,C,N,4.62,9.926550256760915,61.296207060469904,0.6451075077056885,0.6677239749828975,0.6417924459775289,0.022616467277209007,-0.0033150617281595407,RETURN,0.6677239749828975
2018102808,1193,"(10:50) R.Sanchez punts 46 yards to OAK 22, Center-L.Rhodes. D.Harris to OAK 21 for -1 yards (L.Rhodes, C.Milton).",IND,OAK,46,R,N,3.84,4.8652646382288385,47.98735250042453,0.42212975025177,0.4347364904483159,0.41900548319021863,0.012606740196545896,-0.003124267061551389,RETURN,0.4347364904483159
2018102809,222,"(11:25) A.Lee punts 55 yards to SF 10, Center-A.Brewer. R.James pushed ob at SF 25 for 15 yards (G.Hodges).",ARI,SF,55,R,N,4.27,16.28649747490233,58.67404877797339,0.41017401218414307,0.42905032535394033,0.4092736538251241,0.018876313169797265,-9.003583590189712e-4,RETURN,0.42905032535394033
2018102809,2377,"(8:06) A.Lee punts 40 yards to SF 29, Center-A.Brewer. D.Pettis MUFFS catch, recovered by SF-E.Lee at SF 30. E.Lee to SF 30 for no gain (D.Coleman).",ARI,SF,40,C,N,3.8,4.067284106132735,37.293668363409886,0.5755417943000793,0.5860821505387624,0.5715697238842646,0.010540356238683102,-0.00397207041581471,RETURN,0.5860821505387624
2018102809,2711,"(4:57) A.Lee punts 45 yards to SF 17, Center-A.Brewer. R.James to SF 25 for 8 yards (J.Walker).",ARI,SF,45,C,N,3.56,9.747081614514158,48.09204715958763,0.829058825969696,0.8388912586371103,0.8246905132134755,0.009832432667414293,-0.004368312756220516,RETURN,0.8388912586371103
2018102810,724,"(3:22) J.Hekker punts 51 yards to GB 19, Center-J.McQuaide. T.Williams to GB 32 for 13 yards (J.Lawler; S.Shields).",LA,GB,51,C,N,3.74,16.630989146770553,56.51485556913332,0.6511617302894592,0.6762402521570524,0.6499158751964569,0.025078521867593184,-0.001245855093002346,RETURN,0.6762402521570524
2018102810,1155,"(10:36) J.Scott punts 43 yards to LA 36, Center-H.Bradley. J.Natson to LA 38 for 2 yards (J.Whitehead).",GB,LA,43,C,N,4.7,10.133040017684722,49.32454257263823,0.27134326100349426,0.2762071364124616,0.2595510433614254,0.004863875408967322,-0.011792217642068836,RETURN,0.2762071364124616
2018102810,1524,"(4:58) J.Scott punts 55 yards to LA 20, Center-H.Bradley. J.Natson to LA 20 for no gain (J.Jones).",GB,LA,55,C,N,4.81,2.821099076601173,65.46128015857924,0.224142387509346,0.2368425051867962,0.22285761932531992,0.01270011767745019,-0.0012847681840260916,RETURN,0.2368425051867962
2018102811,851,"(1:12) T.Morstead punts 56 yards to MIN 16, Center-Z.Wood. M.Sherels to MIN 20 for 4 yards (J.Hardee).",NO,MIN,56,C,N,4.09,10.369580512248316,43.454318542579855,0.53395843505859375,0.5557629219690958,0.5315428763628006,0.021804486910502074,-0.0024155586957931297,RETURN,0.5557629219690958
2018102811,1453,"(4:33) M.Wile punts 41 yards to NO 18, Center-K.McDermott. A.Kamara to NO 33 for 15 yards (B.Gedeon; K.Brothers).",MIN,NO,41,C,N,3.48,6.43156279608619,56.607961454198296,0.3346705436706543,0.3481195119023323,0.33258020609617234,0.013448968231678016,-0.0020903375744819597,RETURN,0.3481195119023323
2018102900,2817,"(9:29) R.Allen punts 55 yards to BUF 34, Center-J.Cardona. M.Hyde pushed ob at NE 35 for 31 yards (R.Allen; B.King).",NE,BUF,55,C,N,4.01,18.912519662911127,47.42742771856808,0.35442855954170227,0.3689086016019185,0.3406867648164431,0.014480042060216247,-0.01374179472525916,RETURN,0.3689086016019185
2018102900,3178,"(3:50) R.Allen punts 28 yards to BUF 18, Center-J.Cardona. M.Hyde to BUF 20 for 2 yards (J.Jones).",NE,BUF,28,C,A,3.73,4.388803937293169,36.98619201810319,0.4347276985645294,0.4408570885658264,0.42829264253377913,0.006129390001296975,-0.006435056030750286,RETURN,0.4408570885658264
2018110100,656,"(5:12) J.Townsend punts 40 yards to SF 28, Center-T.Sieg. R.James pushed ob at SF 34 for 6 yards (M.Lee).",OAK,SF,40,L,N,3.52,15.100956923321124,38.387510989903994,0.6470001339912415,0.6613758278886477,0.6441515968243281,0.014375693897406228,-0.0028485371669133563,RETURN,0.6613758278886477
2018110100,2518,"(6:57) J.Townsend punts 48 yards to SF 16, Center-T.Sieg. D.Pettis to SF 24 for 8 yards (K.Wilber). PENALTY on SF-D.Reed, Offensive Holding, 8 yards, enforced at SF 16.",OAK,SF,48,C,N,4.72,12.371616709226002,40.1625559445611,0.9992125034332275,0.999090145273173,0.9991005796194077,-1.223581600545698e-4,-1.1192381381985861e-4,FAIR_CATCH,0.9992125034332275
2018110400,1105,"(13:11) (Punt formation) S.Koch punts 43 yards to PIT 16, Center-M.Cox. R.Switzer ran ob at PIT 25 for 9 yards (J.Allen).",BAL,PIT,43,R,N,3.11,11.5850334483764,49.912716816458705,0.5706342458724976,0.5913482604424158,0.569470920364062,0.020714014569918282,-0.0011633255084355643,RETURN,0.5913482604424158
2018110400,2030,"(1:00) (Punt formation) S.Koch punts 52 yards to PIT 7, Center-M.Cox. R.Switzer to PIT 15 for 8 yards (A.Levine Sr.).",BAL,PIT,52,C,N,4.59,11.95221318417638,55.29650983561259,0.7560502290725708,0.7743003323674202,0.754932524561882,0.01825010329484944,-0.0011177045106888217,RETURN,0.7743003323674202
2018110400,3265,"(14:26) (Punt formation) S.Koch punts 52 yards to PIT 25, Center-M.Cox. R.Switzer to PIT 26 for 1 yard (P.Onwuasor; C.Clark). PENALTY on PIT-D.Heyward-Bey, Offensive Holding, 10 yards, enforced at PIT 25.",BAL,PIT,52,C,N,3.89,18.968779612826967,59.2927938285927,0.7866969704627991,0.8080424523353577,0.7852177818616232,0.02134548187255858,-0.001479188601175907,RETURN,0.8080424523353577
2018110400,4196,"(:57) (Punt formation) J.Berry punts 45 yards to BAL 15, Center-K.Canaday. C.Jones to BAL 24 for 9 yards (S.Davis).",PIT,BAL,45,R,N,4.75,15.72885882700967,56.00068303154882,0.054666005074977875,0.06843999094019333,0.05107662089789907,0.013773985865215457,-0.003589384177078804,RETURN,0.06843999094019333
2018110401,434,"(7:37) C.Schmidt punts 47 yards to CHI 15, Center-R.Ferguson. T.Cohen to CHI 27 for 12 yards (P.DiMarco). PENALTY on CHI-S.McManis, Illegal Block Above the Waist, 10 yards, enforced at CHI 27.",BUF,CHI,47,C,N,4.09,11.3475724276164,49.09921587968591,0.4214259386062622,0.44160914023717246,0.41868842313687005,0.020183201630910252,-0.00273751546939216,RETURN,0.44160914023717246
2018110401,758,"(1:08) C.Schmidt punts 43 yards to CHI 48, Center-R.Ferguson. T.Cohen pushed ob at CHI 48 for no gain (D.Lacey). PENALTY on BUF-L.Thomas, Unnecessary Roughness, 15 yards, enforced at CHI 48.",BUF,CHI,43,C,N,3.9,13.396066586875424,38.68261108043251,0.4279120862483978,0.4493488985300064,0.4262278323372205,0.021436812281608597,-0.0016842539111773247,RETURN,0.4493488985300064
2018110401,1319,"(9:18) P.O'Donnell punts 39 yards to BUF 46, Center-P.Scales. M.Hyde to CHI 49 for 5 yards (P.Scales).",CHI,BUF,39,C,N,3.56,11.503912377969511,42.66321717826728,0.35307571291923523,0.36716524263223016,0.3520498158534368,0.01408952971299493,-0.00102589706579842,RETURN,0.36716524263223016
2018110401,2180,"(1:46) C.Schmidt punts 46 yards to CHI 41, Center-R.Ferguson. T.Cohen to BUF 23 for 36 yards (P.DiMarco). FUMBLES (P.DiMarco), ball out of bounds at BUF 23.",BUF,CHI,46,L,N,3.12,17.18272679175223,53.38619484473491,0.9263566732406616,0.9321936754633983,0.9264475850264231,0.0058370022227366425,9.091178576148273e-5,RETURN,0.9321936754633983
2018110401,3585,"(:29) P.O'Donnell punts 61 yards to BUF 5, Center-P.Scales. M.Hyde pushed ob at BUF 13 for 8 yards (J.Iyiegbuniwe).",CHI,BUF,61,R,N,4.8,17.67716040544974,48.177921291811664,0.001534070586785674,7.525961966409039e-4,0.0013046341146885727,-7.814743901447702e-4,-2.294364720971014e-4,FAIR_CATCH,0.001534070586785674
2018110402,1295,"(9:13) B.Anger punts 48 yards to CAR 46, Center-G.Sanborn. D.Byrd to TB 42 for 12 yards (G.Sanborn).",TB,CAR,48,C,N,4.4,5.180038609894717,43.41491103296194,0.9074134230613708,0.9098471289376417,0.9048694348335267,0.0024337058762708974,-0.002543988227844185,RETURN,0.9098471289376417
2018110402,2234,"(13:39) M.Palardy punts 59 yards to TB 21, Center-J.Jansen. A.Humphries to TB 29 for 8 yards (S.Thompson).",CAR,TB,59,L,N,4.65,18.015995670514577,48.79240207245386,0.0486280582845211,0.052145826580623784,0.045264563672244545,0.0035177682961026815,-0.0033634946122765574,RETURN,0.052145826580623784
2018110402,2410,"(9:56) M.Palardy punts 55 yards to TB 9, Center-J.Jansen. A.Humphries pushed ob at TB 16 for 7 yards (C.Samuel).",CAR,TB,55,L,N,4.78,16.992907343947934,43.99556795860237,0.04045601189136505,0.04575550557424625,0.03849600847810507,0.005299493682881198,-0.0019600034132599836,RETURN,0.04575550557424625
2018110403,3760,"(5:22) D.Colquitt punts 21 yards to CLE 16, Center-J.Winchester. J.Peppers to CLE 17 for 1 yard (C.Ward).",KC,CLE,21,R,A,4.15,2.321314282900957,38.72678272203875,0.013385976664721966,0.01360770469220976,0.013485211127748092,2.217280274877942e-4,9.923446302612625e-5,RETURN,0.01360770469220976
2018110404,515,"(5:00) (Punt formation) L.Edwards punts 60 yards to MIA 20, Center-T.Hennessy. J.Grant to MIA 39 for 19 yards (R.Miles; D.Lee).",NYJ,MIA,60,C,N,4.38,6.686777998408499,74.35271212269261,0.5553127527236938,0.5752442357937495,0.5533552821477254,0.019931483070055656,-0.001957470575968401,RETURN,0.5752442357937495
2018110404,1046,"(10:14) (Punt formation) L.Edwards punts 55 yards to MIA 15, Center-T.Hennessy. J.Grant pushed ob at MIA 27 for 12 yards (E.Tomlinson).",NYJ,MIA,55,R,N,4.28,22.6293283152638,47.23414231252643,0.6445313692092896,0.6637047258019447,0.6415071517229081,0.019173356592655177,-0.0030242174863814864,RETURN,0.6637047258019447
2018110404,2319,"(6:42) (Punt formation) M.Haack punts 58 yards to NYJ 12, Center-J.Denney. A.Roberts to NYJ 20 for 8 yards (K.Ballage).",MIA,NYJ,58,C,N,4.97,13.820709099029612,34.09029187320049,0.34415093064308167,0.36881949643294015,0.3403985031445821,0.024668565789858488,-0.0037524274984995776,RETURN,0.36881949643294015
2018110404,2410,"(5:29) (Punt formation) L.Edwards punts 44 yards to MIA 35, Center-T.Hennessy. J.Grant to MIA 41 for 6 yards (C.Peake; T.Hennessy).",NYJ,MIA,44,L,N,4.19,11.986897012988807,51.03707867815319,0.743608295917511,0.7503700830539067,0.7409926128387451,0.006761787136395747,-0.002615683078765918,RETURN,0.7503700830539067
2018110404,2496,"(3:32) (Punt formation) M.Haack punts 57 yards to NYJ 9, Center-J.Denney. A.Roberts to NYJ 18 for 9 yards (S.Perry).",MIA,NYJ,57,C,N,4.64,10.48927547545586,57.24374638333867,0.34415093064308167,0.36662366330623625,0.3414406967163086,0.022472732663154582,-0.0027102339267730535,RETURN,0.36662366330623625
2018110405,1601,"(:50) S.Martin punts 39 yards to MIN 24, Center-D.Muhlbach. M.Sherels to MIN 48 for 24 yards (A.Jones).",DET,MIN,39,C,N,3.6,15.1834120012598,30.700162866017504,0.8449853658676147,0.848867885073026,0.8353162767489751,0.0038825192054112723,-0.009669089118639618,RETURN,0.848867885073026
2018110406,597,"(6:39) T.Way punts 53 yards to ATL 6, Center-N.Sundberg. J.Hardy to ATL 10 for 4 yards (D.Johnson; J.Chesson).",WAS,ATL,53,C,N,4.49,8.988882021697691,61.429129897793594,0.6399060487747192,0.6646808202068011,0.6384882920980454,0.024774771432081844,-0.0014177566766738758,RETURN,0.6646808202068011
2018110406,2965,"(:48) M.Bosher punts 55 yards to WAS 15, Center-J.Harris. G.Stroman to WAS 15 for no gain (J.Bethel).",ATL,WAS,55,C,N,4.34,7.223572523343274,45.93673257862383,0.07550197094678879,0.08641113626460234,0.07329293926556905,0.010909165317813552,-0.0022090316812197336,RETURN,0.08641113626460234
2018110407,329,"(9:39) C.Wadman punts 59 yards to HOU 15, Center-C.Kreiter. T.Ervin to HOU 31 for 16 yards (I.Yiadom).",DEN,HOU,59,C,N,4.81,9.784007358950628,37.94885637275516,0.6433053612709045,0.669398232003053,0.6408075100183487,0.0260928707321485,-0.0024978512525558605,RETURN,0.669398232003053
2018110407,420,"(8:02) T.Daniel punts 43 yards to DEN 35, Center-J.Weeks. A.Jones to DEN 34 for -1 yards (B.Scarlett). PENALTY on HOU-A.Moore, Face Mask (15 Yards), 15 yards, enforced at DEN 34.",HOU,DEN,43,C,N,4.08,4.234489343474605,35.84737786784411,0.3619491159915924,0.36349629670381545,0.3519509849945704,0.0015471807122230397,-0.009998130997022014,RETURN,0.36349629670381545
2018110407,1368,"(8:14) T.Daniel punts 53 yards to DEN 8, Center-J.Weeks. R.Cracraft to DEN 13 for 5 yards (A.Moore).",HOU,DEN,53,C,N,4.58,9.270021574947926,55.84703841744879,0.23274224996566772,0.2433744273086389,0.22990791290998458,0.010632177342971172,-0.002834337055683145,RETURN,0.2433744273086389
2018110407,1701,"(2:00) T.Daniel punts 52 yards to DEN 10, Center-J.Weeks. A.Jones to DEN 10 for no gain (J.Keyes). PENALTY on DEN-S.Thomas, Illegal Blindside Block, 5 yards, enforced at DEN 10.",HOU,DEN,52,C,N,4.44,9.583339710142802,45.48041336663509,0.42198988795280457,0.43845041155815123,0.41744921177625655,0.016460523605346666,-0.00454067617654802,RETURN,0.43845041155815123
2018110407,2212,"(13:33) C.Wadman punts 44 yards to HOU 23, Center-C.Kreiter. T.Ervin to HOU 23 for no gain (B.Parker).",DEN,HOU,44,R,N,4.06,3.328137617346976,46.988477310932296,0.7281502485275269,0.7395657848318418,0.7278023930390676,0.01141553630431491,-3.4785548845928105e-4,RETURN,0.7395657848318418
2018110407,2301,"(12:06) T.Daniel punts 48 yards to DEN 22, Center-J.Weeks. A.Jones to DEN 19 for -3 yards (A.Moore).",HOU,DEN,48,L,N,4.04,5.07311541362898,36.91395400116329,0.32364699244499207,0.3304270112514496,0.31807098746299745,0.006780018806457511,-0.00557600498199462,RETURN,0.3304270112514496
2018110407,3171,"(10:26) T.Daniel punts 50 yards to DEN 22, Center-J.Weeks. A.Jones to DEN 27 for 5 yards (G.Howell).",HOU,DEN,50,R,N,4.09,14.319668292247544,41.99824401091074,0.4570140540599823,0.4756853470206261,0.45530754307905835,0.018671292960643793,-0.0017065109809239476,RETURN,0.4756853470206261
2018110407,3563,"(3:40) T.Daniel punts 61 yards to DEN 4, Center-J.Weeks. A.Jones to DEN 14 for 10 yards (J.Reid).",HOU,DEN,61,R,N,4.7,14.896878867736024,38.57137410049064,0.41872742772102356,0.4452004164457321,0.4086160960793495,0.026472988724708546,-0.010111331641674048,RETURN,0.4452004164457321
2018110408,879,"(12:50) M.Dickson punts 57 yards to LAC 19, Center-T.Ott. D.King to LAC 17 for -2 yards (J.Coleman).",SEA,LAC,57,L,N,4.29,9.89897469438123,46.557806005008445,0.4131479561328888,0.43067645460367204,0.4127199194828669,0.01752849847078325,-4.280366500218902e-4,RETURN,0.43067645460367204
2018110408,1130,"(10:11) M.Dickson punts 50 yards to LAC 32, Center-T.Ott. D.King to LAC 34 for 2 yards (S.Luani). PENALTY on LAC-A.Phillips, Illegal Block Above the Waist, 10 yards, enforced at LAC 34.",SEA,LAC,50,C,N,4.52,8.565523918593653,35.68428505659039,0.6305349469184875,0.6461865075429281,0.6297362033526103,0.015651560624440508,-7.987435658772801e-4,RETURN,0.6461865075429281
2018110408,1668,"(2:17) M.Dickson punts 57 yards to LAC 18, Center-T.Ott. D.King to LAC 35 for 17 yards (SM.Griffin; J.Martin).",SEA,LAC,57,C,N,4.58,16.45438847238025,44.17033619976194,0.6413173675537109,0.6680769254763921,0.6395622396469116,0.026759557922681143,-0.0017551279067993253,RETURN,0.6680769254763921
2018110408,2333,"(12:39) D.Jones punts 38 yards to SEA 28, Center-M.Windt. T.Lockett to SEA 34 for 6 yards (T.Williams; N.Dzubnar).",LAC,SEA,38,C,N,3.4,7.864000254323491,38.46278721049737,0.2243393212556839,0.2320689872900645,0.22144236226876576,0.007729666034380606,-0.0028969589869181356,RETURN,0.2320689872900645
2018110408,2989,"(15:00) D.Jones punts 42 yards to SEA 30, Center-M.Windt. T.Lockett to SEA 30 for no gain (U.Nwosu; M.Windt). PENALTY on SEA-A.King, Offensive Holding, 10 yards, enforced at SEA 30.",LAC,SEA,42,C,N,3.9,9.46881196349363,53.56686289115688,0.20446211099624634,0.20844820847113926,0.19684007594982783,0.0039860974748929245,-0.007622035046418507,RETURN,0.20844820847113926
2018110408,3147,"(12:07) M.Dickson punts 61 yards to LAC 12, Center-T.Ott. D.King to LAC 12 for no gain (B.Mingo). PENALTY on LAC-T.Williams, Illegal Block Above the Waist, 6 yards, enforced at LAC 12.",SEA,LAC,61,R,N,4.81,17.49647107276208,44.719366050962755,0.8899325132369995,0.9009517706433932,0.887944446404775,0.011019257406393645,-0.001988066832224522,RETURN,0.9009517706433932
2018110408,3336,"(8:00) D.Jones punts 38 yards to SEA 25, Center-M.Windt. T.Lockett to SEA 23 for -2 yards (G.Davis; A.Phillips).",LAC,SEA,38,C,N,3.71,4.980140560265343,42.00834678965598,0.1473560333251953,0.1454238781829675,0.14114049553871155,-0.0019321551422278038,-0.00621553778648376,FAIR_CATCH,0.1473560333251953
2018110410,3090,"(5:25) J.Scott punts 48 yards to NE 48, Center-H.Bradley. J.Edelman to NE 48 for no gain (A.Morrison). PENALTY on NE-J.Jones, Offensive Holding, 10 yards, enforced at NE 48.",GB,NE,48,C,N,4.4,7.670202083387369,66.71141206720182,0.5882461071014404,0.6260322064161301,0.5991295391321182,0.03778609931468968,0.010883432030677764,RETURN,0.6260322064161301
2018110500,2162,"(12:51) (Punt formation) B.Kern punts 45 yards to DAL 11, Center-B.Brinkley. C.Beasley ran ob at DAL 18 for 7 yards (L.Sims).",TEN,DAL,45,C,N,3.83,11.698055393953306,41.21881609168318,0.5460684895515442,0.5647580661376317,0.5433741456270218,0.018689576586087497,-0.002694343924522391,RETURN,0.5647580661376317
2018110500,2728,"(2:32) (Punt formation) C.Jones punts 47 yards to TEN 14, Center-L.Ladouceur. A.Jackson to TEN 25 for 11 yards (D.Wilson; J.Heath).",DAL,TEN,47,C,N,4.33,15.054902855880538,41.15741124026146,0.7788675427436829,0.7985854214429855,0.7740956858793895,0.019717878699302638,-0.004771856864293378,RETURN,0.7985854214429855
2018110500,3200,"(8:58) (Punt formation) C.Jones punts 44 yards to TEN 46, Center-L.Ladouceur. A.Jackson to DAL 49 for 5 yards (J.Olawale). PENALTY on TEN-K.Correa, Offensive Holding, 10 yards, enforced at TEN 46. Penalty on TEN-S.Finch, Offensive Holding, declined.",DAL,TEN,44,C,N,4.65,6.550274803395656,34.31806521352857,0.871658444404602,0.8762794109185537,0.866790362795194,0.004620966513951608,-0.004868081609408104,RETURN,0.8762794109185537
2018110800,491,"(9:06) (Punt formation) M.Palardy punts 45 yards to PIT 29, Center-J.Jansen. R.Switzer to PIT 39 for 10 yards (C.Jones).",CAR,PIT,45,L,N,3.15,7.434258537339159,50.99463697292099,0.7397456765174866,0.7536268288890521,0.7367559790611267,0.013881152371565508,-0.0029896974563599077,RETURN,0.7536268288890521
2018111100,2603,"(6:46) S.Martin punts 54 yards to CHI 21, Center-D.Muhlbach. T.Cohen to CHI 39 for 18 yards (K.Sheppard).",DET,CHI,54,C,N,3.99,24.956828724819985,52.912169677683785,0.9526271820068359,0.9576646664738655,0.9528418544928233,0.005037484467029563,2.146724859873883e-4,RETURN,0.9576646664738655
2018111100,3423,"(10:40) P.O'Donnell punts 50 yards to DET 49, Center-P.Scales. T.Jones to CHI 39 for 12 yards (I.Irving). PENALTY on DET-Q.Diggs, Offensive Holding, 10 yards, enforced at CHI 40.",CHI,DET,50,L,N,3.26,23.815898051511738,50.45198113057603,0.0011947795283049345,0.0011280055860212693,0.0011342266384356966,-6.677394228366516e-5,-6.0552889869237934e-5,FAIR_CATCH,0.0011947795283049345
2018111101,1448,"(4:15) K.Huber punts 39 yards to NO 38, Center-C.Harris. A.Kamara to NO 40 for 2 yards (J.Evans).",CIN,NO,39,C,N,3.15,9.380239869001208,46.217936994201715,0.8552768230438232,0.861227754553159,0.8517782823244731,0.005950931509335788,-0.003498540719350185,RETURN,0.861227754553159
2018111102,2320,"(6:18) (Punt formation) M.Bosher punts 44 yards to CLE 14, Center-J.Harris. J.Peppers to CLE 20 for 6 yards (K.Ishmael).",ATL,CLE,44,C,N,4.78,10.302708381780006,35.79036322810932,0.9675178527832031,0.9678817416727543,0.9641598989566167,3.6388888955118937e-4,-0.003357953826586435,RETURN,0.9678817416727543
2018111102,3125,"(8:37) (Punt formation) B.Colquitt punts 50 yards to ATL 26, Center-C.Hughlett. J.Hardy to ATL 31 for 5 yards (S.DeValve; J.Peppers).",CLE,ATL,50,C,N,4.02,8.191855711619933,45.06289049761455,0.009018940851092339,0.010242676604539156,0.008587771241242687,0.0012237357534468172,-4.31169609849652e-4,RETURN,0.010242676604539156
2018111103,576,"(4:52) M.Haack punts 39 yards to GB 31, Center-J.Denney. T.Williams to 50 for 19 yards (A.Derby). FUMBLES (A.Derby), RECOVERED by MIA-L.Carroo at 50. L.Carroo to 50 for no gain (J.Jackson).",MIA,GB,39,C,N,3.84,13.09022918057587,43.70125856311235,0.7768243551254272,0.7830743185679118,0.7715959817171096,0.0062499634424845185,-0.00522837340831761,RETURN,0.7830743185679118
2018111104,505,"(5:53) R.Sanchez punts 52 yards to JAX 2, Center-L.Rhodes. D.Westbrook to JAX 3 for 1 yard (C.Geathers; N.Goode).",IND,JAX,52,L,A,4.52,4.130108957400514,54.81720350400958,0.23566876351833344,0.24646054128805797,0.2340436439216137,0.010791777769724537,-0.0016251195967197374,RETURN,0.24646054128805797
2018111104,1029,"(12:22) L.Cooke punts 51 yards to IND 8, Center-M.Overton. C.Rogers to IND 14 for 6 yards (D.Chark).",JAX,IND,51,C,N,4.63,5.07878922578994,39.17575908645549,0.7370272278785706,0.7516791145006816,0.7349430704116822,0.014651886622111032,-0.002084157466888392,RETURN,0.7516791145006816
2018111105,859,"(1:39) A.Lee punts 53 yards to KC 20, Center-A.Brewer. T.Hill pushed ob at KC 18 for -2 yards (D.Gardeck).",ARI,KC,53,C,N,4.35,13.24235628579748,43.869767494255086,0.646760106086731,0.6675110031167666,0.6437988646825155,0.02075089703003563,-0.0029612414042154978,RETURN,0.6675110031167666
2018111105,1907,"(:26) D.Colquitt punts 52 yards to ARI 12, Center-J.Winchester. C.Kirk to ARI 18 for 6 yards (C.Ward).",KC,ARI,52,C,N,4.7,5.547341705718154,63.909427317102455,0.10294333845376968,0.10615949439505735,0.09716910094022752,0.003216155941287671,-0.005774237513542169,RETURN,0.10615949439505735
2018111105,2899,"(12:58) D.Colquitt punts 52 yards to ARI 15, Center-J.Winchester. C.Kirk to ARI 17 for 2 yards (M.Kemp).",KC,ARI,52,R,N,4.74,9.078265252789214,51.366706143181894,0.20993424952030182,0.2301383087038994,0.20440378934144973,0.020204059183597578,-0.005530460178852087,RETURN,0.2301383087038994
2018111105,3239,"(8:11) A.Lee punts 55 yards to KC 18, Center-A.Brewer. T.Hill for 82 yards, TOUCHDOWN NULLIFIED by Penalty. PENALTY on KC-D.Harris, Illegal Block Above the Waist, 10 yards, enforced at KC 20.",ARI,KC,55,L,N,4.27,8.551660657439582,58.33624773672026,0.9674089550971985,0.9684486329803864,0.964285802046458,0.0010396778831879283,-0.0031231530507405125,RETURN,0.9684486329803864
2018111105,3342,"(6:22) D.Colquitt punts 48 yards to ARI 39, Center-J.Winchester. C.Kirk to ARI 34 for -5 yards (Dam. Williams). PENALTY on ARI-T.Sherfield, Illegal Block Above the Waist, 10 yards, enforced at ARI 34.",KC,ARI,48,R,N,4.3,7.7174931162910605,33.98572935807028,0.04580118879675865,0.0533871978893876,0.043660759391884005,0.007586009092628951,-0.002140429404874647,RETURN,0.0533871978893876
2018111106,201,"(12:54) L.Edwards punts 50 yards to BUF 21, Center-T.Hennessy. I.McKenzie to BUF 29 for 8 yards (T.Brooks).",NYJ,BUF,50,C,N,4.24,4.390136672132196,50.17789353888822,0.6204464435577393,0.6337120794256528,0.6239597022533416,0.013265635867913517,0.0035132586956023726,RETURN,0.6337120794256528
2018111106,323,"(11:42) C.Schmidt punts 46 yards to NYJ 29, Center-R.Ferguson. A.Roberts to NYJ 44 for 15 yards (R.Ferguson).",BUF,NYJ,46,C,N,3.78,6.472132569717645,38.93738178152198,0.34988996386528015,0.3600747440258662,0.34533363570769626,0.010184780160586049,-0.004556328157583889,RETURN,0.3600747440258662
2018111106,409,"(9:40) L.Edwards punts 48 yards to BUF 10, Center-T.Hennessy. M.Hyde to BUF 27 for 17 yards (N.Hewitt).",NYJ,BUF,48,C,A,3.46,17.51064247821878,60.9234700259268,0.6433053612709045,0.6705178823073705,0.6412049361069997,0.027212521036465986,-0.002100425163904851,RETURN,0.6705178823073705
2018111106,863,"(1:28) L.Edwards punts 60 yards to BUF 16, Center-T.Hennessy. I.McKenzie ran ob at BUF 27 for 11 yards.",NYJ,BUF,60,C,N,4.62,25.608320913328143,51.68460602539212,0.8185058832168579,0.8358078813056151,0.8171870209773382,0.01730199808875721,-0.0013188622395197136,RETURN,0.8358078813056151
2018111106,1139,"(13:04) L.Edwards punts 52 yards to BUF 15, Center-T.Hennessy. I.McKenzie pushed ob at BUF 36 for 21 yards (N.Hewitt).",NYJ,BUF,52,C,N,4.63,8.804385270988547,43.979741927391984,0.8544396162033081,0.8621805597345035,0.8534965747594834,0.007740943531195366,-9.430414438247325e-4,RETURN,0.8621805597345035
2018111106,2279,"(13:03) L.Edwards punts 46 yards to BUF 15, Center-T.Hennessy. I.McKenzie to BUF 17 for 2 yards (K.Pierre-Louis).",NYJ,BUF,46,L,N,3.66,6.304323912998126,42.23961410808579,0.9975336790084839,0.9974193044976952,0.9974063489834467,-1.1437451078866179e-4,-1.273300250371756e-4,FAIR_CATCH,0.9975336790084839
2018111107,305,"(9:02) T.Way punts 56 yards to TB 7, Center-N.Sundberg. A.Humphries to TB 15 for 8 yards (R.Anderson).",WAS,TB,56,R,N,4.52,3.318508701209023,50.903776873626974,0.5392913818359375,0.5540612484018008,0.535200180610021,0.014769866565863321,-0.004091201225916552,RETURN,0.5540612484018008
2018111108,816,"(4:25) (Punt formation) R.Allen punts 49 yards to TEN 36, Center-J.Cardona. A.Jackson to TEN 49 for 13 yards (J.Develin, N.Ebner). FUMBLES (J.Develin), and recovers at NE 49. A.Jackson to NE 49 for no gain (J.Develin).",NE,TEN,49,C,N,4.56,9.988057869275686,33.10490296013568,0.8419176340103149,0.8456946767866611,0.8362272614240647,0.0037770427763461623,-0.00569037258625027,RETURN,0.8456946767866611
2018111108,1345,"(11:36) (Punt formation) B.Kern punts 55 yards to NE 12, Center-B.Brinkley. J.Edelman pushed ob at NE 30 for 18 yards (B.Trawick).",TEN,NE,55,R,N,4.33,18.77371833175303,53.91030049999721,0.23579837381839752,0.2533110128343105,0.2350592354933421,0.01751263901591299,-7.391383250554273e-4,RETURN,0.2533110128343105
2018111108,1721,"(5:39) (Punt formation) R.Allen punts 42 yards to TEN 45, Center-J.Cardona. A.Jackson MUFFS catch, touched at TEN 45, and recovers at TEN 46. A.Jackson to NE 42 for 12 yards (J.Develin; K.Van Noy). PENALTY on NE-C.Hogan, Ineligible Downfield Kick, 5 yards, enforced at NE 42.",NE,TEN,42,C,N,3.97,11.479046127618794,26.5468736389052,0.7490518093109131,0.7665174121161302,0.7468602846066157,0.01746560280521714,-0.0021915247042973984,RETURN,0.7665174121161302
2018111108,2354,"(13:30) (Punt formation) R.Allen punts 52 yards to TEN 17, Center-J.Cardona. A.Jackson to TEN 32 for 15 yards (B.King).",NE,TEN,52,R,N,4.01,8.756620352624635,56.12587014915671,0.9186469316482544,0.9232787091533343,0.9172518920898437,0.004631777505079926,-0.0013950395584106934,RETURN,0.9232787091533343
2018111108,3238,"(13:42) (Punt formation) B.Kern punts 53 yards to NE 13, Center-B.Brinkley. J.Edelman to NE 25 for 12 yards (B.Brinkley).",TEN,NE,53,L,N,4.37,5.767087653226715,52.15436798581687,0.021943407133221626,0.023926009094963473,0.020778590962290764,0.0019826019617418464,-0.0011648161709308623,RETURN,0.023926009094963473
2018111109,453,"(6:35) D.Jones punts 47 yards to OAK 47, Center-M.Windt. D.Harris to LAC 49 for 4 yards (A.Phillips). PENALTY on OAK-K.Smith, Illegal Block Above the Waist, 10 yards, enforced at LAC 49.",LAC,OAK,47,C,N,4.75,13.813884319770448,46.047803422096045,0.579867422580719,0.6221527591347694,0.5873241716623306,0.04228533655405042,0.007456749081611647,RETURN,0.6221527591347694
2018111109,753,"(1:55) D.Jones punts 46 yards to OAK 28, Center-M.Windt. D.Harris to OAK 26 for -2 yards (A.Ekeler).",LAC,OAK,46,R,A,4.07,13.847617123534285,39.67775195244811,0.6621193289756775,0.6690524013837179,0.6522828423976899,0.006933072408040419,-0.009836486577987635,RETURN,0.6690524013837179
2018111109,1413,"(3:46) J.Townsend punts 57 yards to LAC 11, Center-T.Sieg. T.Benjamin to LAC 18 for 7 yards (D.Carrier). PENALTY on LAC-N.Dzubnar, Offensive Holding, 9 yards, enforced at LAC 18.",OAK,LAC,57,C,N,4.61,9.4195116646246575,41.488708102325866,0.4350723326206207,0.45709122041861217,0.43127405375242234,0.022018887797991438,-0.0037982788681983903,RETURN,0.45709122041861217
2018111109,2274,"(5:56) J.Townsend punts 54 yards to LAC 14, Center-T.Sieg. T.Benjamin pushed ob at LAC 22 for 8 yards (D.Carrier). PENALTY on LAC-R.Jenkins, Unnecessary Roughness, 11 yards, enforced at LAC 22.",OAK,LAC,54,C,N,4.77,4.9353925882344996,43.07382499848371,0.9316592812538147,0.9343470701575279,0.925099449356397,0.0026877889037132396,-0.006559831897417712,RETURN,0.9343470701575279
2018111109,3578,"(1:14) D.Jones punts 40 yards to OAK 16, Center-M.Windt. D.Harris ran ob at OAK 22 for 6 yards (A.Ekeler).",LAC,OAK,40,R,A,4.33,6.8323129319433304,32.99732110338656,0.00189489359036088,0.0018394983839243651,0.001642973031848669,-5.539520643651477e-5,-2.5192055851221097e-4,FAIR_CATCH,0.00189489359036088
2018111110,1095,"(12:50) M.Dickson punts 68 yards to LA 10, Center-T.Ott. J.Natson to LA 21 for 11 yards (A.King).",SEA,LA,68,R,N,4.38,13.446724508221326,66.85909437017526,0.3873620927333832,0.4094746415813764,0.384991883734862,0.02211254884799324,-0.002370208998521195,RETURN,0.4094746415813764
2018111110,1396,"(7:42) M.Dickson punts 57 yards to LA 13, Center-T.Ott. J.Natson to LA 24 for 11 yards (A.King). PENALTY on LA-M.Christian, Offensive Holding, 10 yards, enforced at LA 24.",SEA,LA,57,R,N,4.25,8.777043921503411,61.1923075230866,0.3847131133079529,0.40118713428576785,0.3797757125894229,0.016474020977814974,-0.004937400718529994,RETURN,0.40118713428576785
2018111110,4058,"(1:35) J.Hekker punts 55 yards to SEA 16, Center-J.McQuaide. T.Lockett to SEA 25 for 9 yards (R.Wilson).",LA,SEA,55,L,N,4.5,13.7341399439499,40.65893505737699,0.1948033720254898,0.21113187983632087,0.1701153331498305,0.01632850781083106,-0.02468803887565932,RETURN,0.21113187983632087
2018111111,216,"(11:08) C.Jones punts 46 yards to PHI 44, Center-L.Ladouceur. G.Tate pushed ob at DAL 44 for 12 yards (R.Smith).",DAL,PHI,46,L,N,4.54,5.098431131240275,29.571136264945917,0.5844466686248779,0.6103468152880669,0.5860766591628392,0.02590014666318896,0.0016299905379613122,RETURN,0.6103468152880669
2018111111,603,"(4:23) C.Johnston punts 39 yards to DAL 16, Center-R.Lovato. C.Beasley to DAL 16 for no gain (D.Goedert). PENALTY on DAL-D.Armstrong, Illegal Block Above the Waist, 8 yards, enforced at DAL 16.",PHI,DAL,39,C,A,3.66,13.302969593290062,36.791330500540475,0.5411574840545654,0.5588220783074697,0.5388987457752228,0.01766459425290423,-0.0022587382793426425,RETURN,0.5588220783074697
2018111111,3809,"(:53) C.Jones punts 44 yards to PHI 33, Center-L.Ladouceur. G.Tate to PHI 32 for -1 yards (J.Olawale; K.Frazier).",DAL,PHI,44,C,N,4.2,12.48187485917079,50.57443721881638,0.04669788479804993,0.06183491536726554,0.043914523962885144,0.015137030569215615,-0.002783360835164783,RETURN,0.06183491536726554
2018111200,123,"(13:45) R.Dixon punts 53 yards to SF 23, Center-Z.DeOssie. R.James to SF 46 for 23 yards (R.Dixon).",NYG,SF,53,C,N,4.31,16.977882671287365,40.45131641862845,0.5418533086776733,0.5620903394619624,0.5399562841653824,0.020237030784289067,-0.0018970245122909013,RETURN,0.5620903394619624
2018111200,3300,"(10:43) B.Pinion punts 47 yards to NYG 16, Center-K.Nelson. Q.Henderson to NYG 23 for 7 yards (E.Lee).",SF,NYG,47,C,N,4.53,8.733201016809357,34.52096464469091,0.4652845561504364,0.4837700362006823,0.4657245487968127,0.018485480050245917,4.39992646376286e-4,RETURN,0.4837700362006823
2018111200,3391,"(9:06) R.Dixon punts 49 yards to SF 33, Center-Z.DeOssie. D.Pettis pushed ob at SF 34 for 1 yard (A.Hamilton).",NYG,SF,49,R,N,4.65,9.562829079304926,44.001360206248165,0.5538538694381714,0.5674988573789597,0.5490915296475093,0.013644987940788278,-0.004762339790662096,RETURN,0.5674988573789597
2018111500,265,"(13:04) M.Dickson punts 57 yards to GB 16, Center-T.Ott. T.Davis to GB 23 for 7 yards (T.Madden; B.Mingo).",SEA,GB,57,R,A,4.45,10.528865086038474,51.49294417684816,0.6204464435577393,0.6346486306190491,0.6248649336894353,0.014202187061309823,0.00441849013169604,RETURN,0.6346486306190491
2018111500,976,"(1:45) M.Dickson punts 54 yards to GB 11, Center-T.Ott. T.Davis pushed ob at GB 26 for 15 yards (E.Dickson).",SEA,GB,54,R,N,4.5,4.379611854947876,56.41719330133323,0.7413182854652405,0.7563531151413918,0.7392763543128967,0.015034829676151329,-0.0020419311523437456,RETURN,0.7563531151413918
2018111500,2766,"(6:48) M.Dickson punts 59 yards to GB 25, Center-T.Ott. T.Davis to GB 34 for 9 yards (T.Madden; B.Mingo).",SEA,GB,59,R,N,4.77,9.913632028676473,67.15086894448946,0.6423787474632263,0.6650008437037468,0.639884885152181,0.022622096240520473,-0.002493862311045314,RETURN,0.6650008437037468
2018111800,978,"(13:59) C.Jones punts 40 yards to ATL 31, Center-L.Ladouceur. J.Hardy pushed ob at ATL 44 for 13 yards (L.Lenoir).",DAL,ATL,40,R,N,3.92,11.459537512482775,39.780579432682984,0.5610807538032532,0.5736707295974096,0.5558770658572515,0.012589975794156438,-0.005203687946001678,RETURN,0.5736707295974096
2018111800,1363,"(4:51) C.Jones punts 44 yards to ATL 38, Center-L.Ladouceur. J.Hardy to ATL 40 for 2 yards (D.Wilson).",DAL,ATL,44,L,N,3.5,10.00092995675902,42.5509024581148,0.5758297443389893,0.5880893607934315,0.5686671503384908,0.01225961645444229,-0.007162594000498457,RETURN,0.5880893607934315
2018111800,3222,"(4:12) C.Jones punts 49 yards to ATL 16, Center-L.Ladouceur. J.Hardy pushed ob at ATL 17 for 1 yard (K.Frazier). PENALTY on DAL-L.Lenoir, Unnecessary Roughness, 15 yards, enforced at ATL 17.",DAL,ATL,49,L,N,4.36,8.714275644022285,38.35836936054504,0.17735369503498077,0.19294583082199096,0.17706741884350777,0.015592135787010186,-2.862761914730061e-4,RETURN,0.19294583082199096
2018111801,776,"(3:19) (Punt formation) S.Koch punts 39 yards to CIN 17, Center-M.Cox. A.Erickson pushed ob at BAL 34 for 49 yards (S.Koch). PENALTY on CIN-C.Fejedelem, Illegal Block Above the Waist, 10 yards, enforced at BAL 45.",BAL,CIN,39,C,N,3.59,6.785779247809349,48.16290377458568,0.23566876351833344,0.24726634621620178,0.2348694703976313,0.011597582697868342,-7.992931207021214e-4,RETURN,0.24726634621620178
2018111801,886,"(2:10) (Punt formation) K.Huber punts 42 yards to BAL 10, Center-C.Harris. C.Jones to BAL 12 for 2 yards (B.Wilson).",CIN,BAL,42,R,N,4.34,13.819974674361744,52.093596535466816,0.7392206788063049,0.7532465835909049,0.7363759418328603,0.014025904784599974,-0.0028447369734446726,RETURN,0.7532465835909049
2018111801,1618,"(5:13) (Punt formation) K.Huber punts 53 yards to BAL 34, Center-C.Harris. C.Jones to BAL 46 for 12 yards (M.Jefferson). PENALTY on CIN-B.Wilson, Illegal Block Above the Waist, 10 yards, enforced at BAL 46.",CIN,BAL,53,C,N,4.62,13.487809310633068,62.19358809395065,0.5380188226699829,0.5551032043496767,0.5342739615837733,0.01708438167969384,-0.0037448610862096388,RETURN,0.5551032043496767
2018111801,3999,"(2:58) (Punt formation) S.Koch punts 43 yards to CIN 11, Center-M.Cox. A.Erickson to CIN 19 for 8 yards (T.Bowser; P.Onwuasor). PENALTY on CIN-J.Franks, Illegal Block Above the Waist, 9 yards, enforced at CIN 19.",BAL,CIN,43,L,A,4.47,2.3146490014686902,52.87422812675378,0.2813885807991028,0.28555168772737183,0.27120663806796075,0.004163106928269045,-0.010181942731142035,RETURN,0.28555168772737183
2018111802,1485,"(4:59) M.Wile punts 53 yards to CHI 25, Center-K.McDermott. T.Cohen pushed ob at CHI 36 for 11 yards (B.Gedeon).",MIN,CHI,53,C,N,4.79,11.94402361015751,58.27437601553533,0.8600873947143555,0.8662863955895106,0.8577297013998032,0.006199000875155125,-0.002357693314552267,RETURN,0.8662863955895106
2018111802,2310,"(11:31) P.O'Donnell punts 38 yards to MIN 14, Center-P.Scales. M.Sherels pushed ob at MIN 24 for 10 yards (D.Houston-Carson).",CHI,MIN,38,L,A,4.15,4.363954628545076,41.370680439170926,0.08969181030988693,0.09134903858105342,0.08536147815485795,0.0016572282711664887,-0.004330332155028982,RETURN,0.09134903858105342
2018111803,1180,"(7:54) S.Martin punts 47 yards to CAR 26, Center-D.Muhlbach. D.Byrd to CAR 25 for -1 yards (T.Bates).",DET,CAR,47,C,N,4.24,2.9249957264926043,38.84693295486788,0.43027743697166443,0.4478041496872902,0.429192951520284,0.01752671271562578,-0.0010844854513804014,RETURN,0.4478041496872902
2018111803,2706,"(:47) M.Palardy punts 36 yards to DET 38, Center-J.Jansen. T.Jones to DET 48 for 10 yards (B.Jacobs; C.Jones).",CAR,DET,36,C,N,4.08,8.846536045255235,28.347304986541495,0.7912645936012268,0.7996805394689243,0.7868849474191666,0.00841594586769745,-0.004379646182060215,RETURN,0.7996805394689243
2018111804,595,"(5:09) B.Kern punts 58 yards to IND 26, Center-B.Brinkley. C.Rogers for 74 yards, TOUCHDOWN NULLIFIED by Penalty. PENALTY on IND-A.Maulet, Offensive Holding, 10 yards, enforced at TEN 23.",TEN,IND,58,C,N,4.36,12.862425898717545,47.273803527958265,0.5421303510665894,0.5644778140385945,0.5378703800837199,0.022347462972005183,-0.004259970982869454,RETURN,0.5644778140385945
2018111804,1582,"(5:35) B.Kern punts 56 yards to IND 15, Center-B.Brinkley. C.Rogers to IND 30 for 15 yards (S.Finch). PENALTY on IND-Z.Pascal, Illegal Block Above the Waist, 10 yards, enforced at IND 25.",TEN,IND,56,C,N,4.02,23.597722347718225,39.14560000817461,0.93082594871521,0.9366759341210127,0.9288710518678029,0.005849985405802727,-0.001954896847407017,RETURN,0.9366759341210127
2018111804,3422,"(10:55) B.Kern punts 52 yards to IND 17, Center-B.Brinkley. C.Rogers to IND 21 for 4 yards (B.Trawick).",TEN,IND,52,L,N,4.06,8.801141971358037,39.863680211440595,0.9999321699142456,0.99992439393422194,0.9999246046940485,-7.775980023660978e-6,-7.565220197069955e-6,FAIR_CATCH,0.9999321699142456
2018111805,955,"(11:08) B.Anger punts 44 yards to NYG 21, Center-G.Sanborn. Q.Henderson to NYG 26 for 5 yards (K.Minter).",TB,NYG,44,C,N,3.55,17.917231929067608,33.95806384351145,0.8879079222679138,0.89311727548638975,0.886297768553098,0.005209353218475932,-0.0016101537148157652,RETURN,0.89311727548638975
2018111805,3298,"(7:45) R.Dixon punts 54 yards to TB 30, Center-Z.DeOssie. A.Humphries to TB 40 for 10 yards (L.Carter). PENALTY on TB-A.Adams, Illegal Block Above the Waist, 10 yards, enforced at TB 40.",NYG,TB,54,R,N,4.75,8.724247818580125,44.663660844135926,0.07902634888887405,0.08643686888118585,0.07579931837817033,0.007410519992311793,-0.003227030510703721,RETURN,0.08643686888118585
2018111806,580,"(6:41) T.Way punts 49 yards to HOU 15, Center-N.Sundberg. D.Carter to HOU 31 for 16 yards (N.Sundberg, Z.Vigil).",WAS,HOU,49,R,N,4.73,1.880106379968966,42.77375947938176,0.5374017953872681,0.5534735775987307,0.5356407419840494,0.01607178221146266,-0.0017610534032186376,RETURN,0.5534735775987307
2018111807,746,"(3:47) A.Lee punts 57 yards to OAK 9, Center-A.Brewer. D.Harris pushed ob at OAK 21 for 12 yards (D.Coleman).",ARI,OAK,57,C,N,4.66,4.78941541317936,48.61978403901029,0.4279120862483978,0.4477267555395762,0.4247798289855321,0.019814669291178366,-0.003132257262865701,RETURN,0.4477267555395762
2018111807,863,"(2:07) J.Townsend punts 38 yards to ARI 33, Center-T.Sieg. C.Kirk to ARI 36 for 3 yards (D.Carrier; N.Nelson).",OAK,ARI,38,C,N,3.69,10.126015998407262,36.78660761744687,0.5386141538619995,0.5528832319378852,0.5345489976803461,0.014269078075885733,-0.004065156181653373,RETURN,0.5528832319378852
2018111807,1158,"(12:59) J.Townsend punts 39 yards to ARI 25, Center-T.Sieg. C.Kirk to ARI 37 for 12 yards (N.Morrow; K.Wilber).",OAK,ARI,39,R,N,3.19,13.616097091310706,32.25294095117528,0.7660635709762573,0.7743516129255295,0.7569389188289642,0.008288041949272129,-0.009124652147293077,RETURN,0.7743516129255295
2018111807,1594,"(5:44) A.Lee punts 53 yards to OAK 42, Center-A.Brewer. J.Richard to OAK 45 for 3 yards (G.Hodges).",ARI,OAK,53,R,N,4.63,5.91574171173827,43.80893972695528,0.4533431828022003,0.47204651494820915,0.44940849582354225,0.018703332146008833,-0.003934686978658064,RETURN,0.47204651494820915
2018111807,1771,"(3:13) A.Lee punts 58 yards to OAK 30, Center-A.Brewer. J.Richard MUFFS catch, touched at OAK 30, and recovers at OAK 37. J.Richard to OAK 37 for no gain (E.Turner).",ARI,OAK,58,R,N,4.67,16.622253156536868,52.91638120657912,0.4330819547176361,0.45717997988065084,0.43087696403264997,0.024098025163014736,-0.002204990684986141,RETURN,0.45717997988065084
2018111807,3083,"(13:41) A.Lee punts 60 yards to OAK 11, Center-A.Brewer. D.Harris ran ob at OAK 27 for 16 yards (C.Edmonds). OAK-D.Harris was injured during the play.",ARI,OAK,60,R,N,4.56,11.815688723049524,37.27820811144226,0.7955524921417236,0.8114370373884837,0.7956960084040959,0.015884545246760085,1.4351626237230075e-4,RETURN,0.8114370373884837
2018111807,3658,"(3:50) J.Townsend punts 52 yards to ARI 22, Center-T.Sieg. C.Kirk pushed ob at ARI 40 for 18 yards (E.Harris).",OAK,ARI,52,C,N,4.74,7.387800755299238,43.40186631931857,0.7407440543174744,0.7546555972099305,0.7351365844408672,0.013911542892456108,-0.005607469876607207,RETURN,0.7546555972099305
2018111807,3870,"(2:50) J.Townsend punts 47 yards to OAK 49, Center-T.Sieg. C.Kirk to OAK 44 for 5 yards (M.Lee).",OAK,ARI,47,C,N,4.55,13.881199515891993,37.440065437977005,0.8134623765945435,0.8128170440594356,0.8017243568102519,-6.453325351079009e-4,-0.011738019784291565,FAIR_CATCH,0.8134623765945435
2018111808,687,"(4:51) C.Wadman punts 52 yards to LAC 16, Center-C.Kreiter. T.Benjamin ran ob at LAC 18 for 2 yards (I.Yiadom).",DEN,LAC,52,L,A,4.31,6.144794544978702,51.11280857084651,0.6480289697647095,0.6617828526099523,0.6452401465177536,0.013753882845242815,-0.0027888232469558405,RETURN,0.6617828526099523
2018111809,145,"(13:33) C.Johnston punts 43 yards to NO 33, Center-R.Lovato. T.Hill to NO 42 for 9 yards (D.Alexander). PENALTY on NO-V.Biegel, Offensive Holding, 10 yards, enforced at NO 33.",PHI,NO,43,C,N,3.31,14.622681012728137,48.53609481612628,0.5418533086776733,0.5580214108030002,0.5396036243438721,0.016168102125326822,-0.0022496843338012384,RETURN,0.5580214108030002
2018111809,2961,"(1:44) C.Johnston punts 46 yards to NO 13, Center-R.Lovato. A.Kamara to NO 26 for 13 yards (C.Johnston). PENALTY on NO-A.Kamara, Unsportsmanlike Conduct, 13 yards, enforced at NO 26.",PHI,NO,46,C,A,4.19,16.642337576194038,53.69086421356989,0.9997445940971375,0.9997180635099843,0.9995565090576808,-2.6530587153184015e-5,-1.8808503945666466e-4,FAIR_CATCH,0.9997445940971375
2018111809,3815,"(3:18) T.Morstead punts 49 yards to PHI 37, Center-Z.Wood. G.Tate to PHI 35 for -2 yards (J.Hardee).",NO,PHI,49,R,N,4.57,6.4346017747798445,36.72056235952821,8.348720439244062e-5,8.79138595337281e-5,9.130144462687895e-5,4.4266551412874806e-6,7.81424023443833e-6,BOUNCE,9.130144462687895e-5
2018111810,1042,"(12:17) J.Berry punts 59 yards to JAX 17, Center-K.Canaday. D.Westbrook to JAX 42 for 25 yards (A.Chickillo).",PIT,JAX,59,R,N,4.04,24.62686541157848,51.41273383122124,0.6395934224128723,0.6609874442219734,0.6364205654462178,0.021394021809101105,-0.0031728569666544804,RETURN,0.6609874442219734
2018111810,1862,"(1:28) L.Cooke punts 57 yards to PIT 30, Center-M.Overton. R.Switzer to PIT 37 for 7 yards (B.Brown).",JAX,PIT,57,L,N,4.74,4.278738131739315,63.71552793471935,0.1700342893600464,0.17422406295935314,0.1690169804294904,0.004189773599306751,-0.001017308930555988,RETURN,0.17422406295935314
2018111810,2438,"(10:55) L.Cooke punts 48 yards to PIT 39, Center-M.Overton. R.Switzer to PIT 45 for 6 yards (L.Jacobs).",JAX,PIT,48,C,N,4.58,12.153587947598025,35.17655611341168,0.1892184466123581,0.19784491042296093,0.1857067920267582,0.008626463810602836,-0.003511654585599905,RETURN,0.19784491042296093
2018111810,3197,"(14:24) L.Cooke punts 52 yards to PIT 17, Center-M.Overton. R.Switzer to PIT 17 for no gain (D.Chark).",JAX,PIT,52,C,N,4.67,5.2719351285841896,38.35510135562152,0.13274365663528442,0.14227476403117179,0.1303424530227979,0.009531107395887362,-0.0024012036124865244,RETURN,0.14227476403117179
2018111810,3296,"(12:55) J.Berry punts 41 yards to JAX 48, Center-K.Canaday. D.Westbrook to PIT 41 for 11 yards (L.Fort).",PIT,JAX,41,C,N,3.94,7.163274390947205,39.852654867649655,0.9046260118484497,0.9065845993161201,0.9026039069890976,0.001958587467670414,-0.0020221048593520585,RETURN,0.9065845993161201
2018111900,512,"(10:07) D.Colquitt punts 49 yards to LA 20, Center-J.Winchester. J.Natson to LA 17 for -3 yards (C.Ward).",KC,LA,49,C,N,3.67,3.790013192589168,41.471678287718234,0.6967052817344666,0.7168982807795207,0.6961301010847092,0.020192999045054116,-5.751806497573675e-4,RETURN,0.7168982807795207
2018111900,2111,"(4:18) J.Hekker punts 55 yards to KC 6, Center-J.McQuaide. T.Hill to KC 25 for 19 yards (M.Brown). PENALTY on KC-J.Lucas, Illegal Block Above the Waist, 3 yards, enforced at KC 6.",LA,KC,55,L,N,4.56,10.330943809739749,54.251728083075854,0.4908975064754486,0.5069818279147148,0.4885967567563057,0.01608432143926619,-0.0023007497191429027,RETURN,0.5069818279147148
2018111900,4032,"(13:45) J.Hekker punts 59 yards to KC 1, Center-J.McQuaide. T.Hill ran ob at KC 9 for 8 yards (B.Countess).",LA,KC,59,L,N,5.08,18.078108308116754,51.96341212815032,0.13409337401390076,0.14909148653348286,0.1298096890747547,0.014998112519582107,-0.0042836849391460485,RETURN,0.14909148653348286
2018111900,5456,"(1:04) J.Hekker punts 68 yards to KC -2, Center-J.McQuaide. T.Hill ran ob at KC 12 for 14 yards (J.McQuaide).",LA,KC,68,C,N,4.41,25.859151184832033,69.42533543311116,0.25455233454704285,0.3146339075267315,0.22783067777752877,0.060081572979688636,-0.026721656769514074,RETURN,0.3146339075267315
2018112200,133,"(13:21) S.Martin punts 53 yards to CHI 14, Center-D.Muhlbach. T.Cohen to CHI 28 for 14 yards (N.Bellore).",DET,CHI,53,C,N,4.27,4.069643719049614,39.74531167320241,0.4220241606235504,0.44052047659953436,0.42140111029148103,0.018496315975983946,-6.230503320693859e-4,RETURN,0.44052047659953436
2018112200,241,"(12:21) P.O'Donnell punts 56 yards to DET 10, Center-P.Scales. T.Jones to DET 18 for 8 yards (J.Iyiegbuniwe).",CHI,DET,56,C,N,4.56,6.45182919798719,45.46964811827776,0.5418533086776733,0.5562869175275167,0.5392782060305278,0.014433608849843349,-0.002575102647145555,RETURN,0.5562869175275167
2018112200,692,"(3:30) P.O'Donnell punts 55 yards to DET 8, Center-P.Scales. T.Jones to DET 16 for 8 yards (S.McManis).",CHI,DET,55,L,N,4.62,12.988271632515236,46.496978396450665,0.5421303510665894,0.5570898846785227,0.5383443131049475,0.014959533611933362,-0.003786037961641897,RETURN,0.5570898846785227
2018112200,790,"(2:11) S.Martin punts 39 yards to CHI 36, Center-D.Muhlbach. T.Cohen pushed ob at CHI 37 for 1 yard (D.Shead).",DET,CHI,39,C,N,4.07,8.819092923878282,48.8445831182947,0.44167566299438477,0.45310450027386345,0.4339244699478149,0.011428837279478687,-0.007751193046569849,RETURN,0.45310450027386345
2018112200,1736,"(2:22) S.Martin punts 59 yards to CHI 21, Center-D.Muhlbach. T.Cohen pushed ob at CHI 35 for 14 yards (Z.Zenner).",DET,CHI,59,R,N,4.26,18.808086027025716,56.9583575957032,0.30786603689193726,0.3314105118314425,0.306665041744709,0.023544474939505233,-0.0012009951472282676,RETURN,0.3314105118314425
2018112200,2619,"(6:46) S.Martin punts 42 yards to CHI 29, Center-D.Muhlbach. T.Cohen ran ob at CHI 46 for 17 yards (Z.Zenner).",DET,CHI,42,C,N,4.32,8.878389493596243,36.42701470063118,0.5741443037986755,0.5913766768574714,0.5711670498053233,0.01723237305879588,-0.002977253993352247,RETURN,0.5913766768574714
2018112200,3651,"(6:21) P.O'Donnell punts 47 yards to DET 32, Center-P.Scales. T.Jones to DET 41 for 9 yards (J.Iyiegbuniwe).",CHI,DET,47,L,N,3.89,19.41268914911069,35.88208466630667,0.5597764253616333,0.5780853281418482,0.5491798756519953,0.01830890278021491,-0.01059654970963797,RETURN,0.5780853281418482
2018112201,1266,"(7:25) (Punt formation) C.Jones punts 51 yards to WAS 37, Center-L.Ladouceur. T.Quinn to WAS 47 for 10 yards (J.Olawale).",DAL,WAS,51,C,N,4.96,4.762121376025602,39.17122668490227,0.24641166627407074,0.25697728474934894,0.2433852308491866,0.010565618475278205,-0.0030264354248841496,RETURN,0.25697728474934894
2018112201,2305,"(10:44) (Punt formation) C.Jones punts 46 yards to WAS 45, Center-L.Ladouceur. T.Quinn to DAL 25 for 30 yards (C.Jones). Return left sideline",DAL,WAS,46,C,N,5.08,7.867026121731136,48.42862479980202,0.355688214302063,0.3716738403836886,0.3540244166056315,0.015985626081625626,-0.0016637976964314904,RETURN,0.3716738403836886
2018112202,1370,"(7:39) M.Bosher punts 44 yards to NO 35, Center-J.Harris. A.Kamara to NO 42 for 7 yards (E.Saubert).",ATL,NO,44,C,N,4.95,4.256207231796872,46.43857986631375,0.780500054359436,0.7826016555229823,0.7715079927444458,0.002101601163546296,-0.008992061614990221,RETURN,0.7826016555229823
2018112500,826,"(4:13) (Punt formation) J.Townsend punts 38 yards to BAL 37, Center-T.Sieg. C.Jones to OAK 39 for 24 yards (N.Morrow). PENALTY on BAL-C.Clark, Illegal Block Above the Waist, 10 yards, enforced at BAL 37.",OAK,BAL,38,C,N,4.07,11.729433063878242,30.93331052441688,0.383958101272583,0.3969767780105273,0.3808186494310697,0.013018676737944268,-0.003139451841513319,RETURN,0.3969767780105273
2018112500,1273,"(13:01) (Punt formation) J.Townsend punts 52 yards to BAL 30, Center-T.Sieg. C.Jones for 70 yards, TOUCHDOWN.",OAK,BAL,52,C,N,4.38,13.863448344477646,44.041582623697806,0.409962922334671,0.43543030947446826,0.4030735370516777,0.025467387139797237,-0.006889385282993321,RETURN,0.43543030947446826
2018112500,1748,"(5:55) (Punt formation) J.Townsend punts 38 yards to BAL 21, Center-T.Sieg. C.Jones pushed ob at BAL 30 for 9 yards (D.Harris).",OAK,BAL,38,C,A,3.14,9.923996170898093,36.510503968036375,0.7411819100379944,0.760271845360597,0.7413862148920695,0.019089935322602614,2.0430485407507692e-4,RETURN,0.760271845360597
2018112500,3650,"(8:26) (Punt formation) S.Koch punts 56 yards to OAK 23, Center-M.Cox. D.Harris to OAK 20 for -3 yards (P.Onwuasor).",BAL,OAK,56,C,N,4.61,18.238160543212675,50.4402071764183,0.08206823468208313,0.09255194522440434,0.07756743590037028,0.010483710542321209,-0.0045007987817128475,RETURN,0.09255194522440434
2018112500,3933,"(3:59) (Punt formation) J.Townsend punts 50 yards to BAL 29, Center-T.Sieg. C.Jones to BAL 43 for 14 yards (K.Smith). PENALTY on BAL-M.Canady, Offensive Holding, 10 yards, enforced at BAL 29.",OAK,BAL,50,C,N,4.49,13.999746426275014,46.19306441447677,0.9990687966346741,0.9990336366867025,0.9990805580218634,-3.515994797154143e-5,1.176138718927966e-5,BOUNCE,0.9990805580218634
2018112501,731,"(4:07) L.Cooke punts 49 yards to BUF 16, Center-M.Overton. I.McKenzie to BUF 14 for -2 yards (N.DeLuca). FUMBLES (N.DeLuca), RECOVERED by JAX-R.Harrison at BUF 18. The Replay Official reviewed the fumble ruling, and the play was REVERSED. L.Cooke punts 49 yards to BUF 16, Center-M.Overton. I.McKenzie to BUF 14 for -2 yards (N.DeLuca).",JAX,BUF,49,L,N,4.41,8.61443555899051,41.11947470481597,0.7419404983520508,0.7547108499209086,0.7384218329191208,0.012770351568857863,-0.0035186654329300016,RETURN,0.7547108499209086
2018112501,1905,"(1:51) C.Schmidt punts 37 yards to JAX 25, Center-R.Ferguson. D.Westbrook to JAX 48 for 23 yards (D.Thompson; L.Alexander). Return credited to JAX 37 (spot of foul). Penalty on JAX-R.Harrison, Illegal Block Above the Waist, declined. PENALTY on JAX-T.Herndon, Illegal Block Above the Waist, 10 yards, enforced at JAX 37.",BUF,JAX,37,R,N,3.55,14.69307319793923,54.27627566441899,0.4307273328304291,0.446096417705218,0.4280764572819074,0.01536908487478894,-0.0026508755485216695,RETURN,0.446096417705218
2018112501,2407,"(14:16) L.Cooke punts 52 yards to BUF 17, Center-M.Overton. I.McKenzie to BUF 26 for 9 yards (L.Jacobs).",JAX,BUF,52,R,N,4.51,11.539159414792742,54.22221869307821,0.5530213117599487,0.572256622115771,0.5504472269614538,0.019235310355822266,-0.002574084798494969,RETURN,0.572256622115771
2018112501,2912,"(6:20) C.Schmidt punts 46 yards to JAX 32, Center-R.Ferguson. D.Westbrook to BUF 47 for 21 yards (P.DiMarco, R.Ferguson).",BUF,JAX,46,R,N,3.81,15.867205172934527,56.11599593698753,0.46354806423187256,0.47601400504509606,0.4498964104056358,0.012465940813223497,-0.013651653826236732,RETURN,0.47601400504509606
2018112501,3634,"(13:33) L.Cooke punts 55 yards to BUF 30, Center-M.Overton. I.McKenzie to BUF 39 for 9 yards (J.Wilson). FUMBLES (J.Wilson), and recovers at BUF 43. I.McKenzie to BUF 43 for no gain (N.DeLuca). Return credited to BUF 36 (spot of foul). PENALTY on BUF-M.Murphy, Illegal Block Above the Waist, 10 yards, enforced at BUF 36.",JAX,BUF,55,C,N,4.66,17.81350611193653,39.326043533516064,0.843745231628418,0.860298559765021,0.8412341594696044,0.01655332813660304,-0.002511072158813521,RETURN,0.860298559765021
2018112502,117,"(13:09) M.Dickson punts 62 yards to CAR 20, Center-T.Ott. D.Byrd to CAR 25 for 5 yards (SM.Griffin).",SEA,CAR,62,R,N,4.44,19.86645413756567,47.93926365725699,0.5418533086776733,0.5639484226703644,0.5397018969058991,0.02209511399269104,-0.0021514117717742476,RETURN,0.5639484226703644
2018112502,523,"(5:43) M.Dickson punts 56 yards to CAR 21, Center-T.Ott. D.Byrd to CAR 35 for 14 yards (SM.Griffin; B.Mingo).",SEA,CAR,56,C,N,4.62,16.41831294621954,51.960234795466434,0.5367922186851501,0.5562187146147092,0.5329026095072429,0.01942649592955903,-0.0038896091779072606,RETURN,0.5562187146147092
2018112503,954,"(:16) K.Huber punts 51 yards to CLE 7, Center-C.Harris. J.Peppers to CLE 14 for 7 yards (V.Rey; C.Harris). PENALTY on CLE-O.Charles, Offensive Holding, 3 yards, enforced at CLE 7.",CIN,CLE,51,C,N,4.44,7.735024240427436,38.99414956118417,0.8367648124694824,0.846164642771085,0.8351544970273972,0.00939983030160263,-0.0016103154420852306,RETURN,0.846164642771085
2018112503,2446,"(12:24) K.Huber punts 48 yards to CLE 24, Center-C.Harris. A.Callaway to CLE 30 for 6 yards (C.Fejedelem). CIN-T.McRae was injured during the play.",CIN,CLE,48,C,N,3.99,7.216716704984339,47.22760633358417,0.9975593090057373,0.9974373242965279,0.9974119947353999,-1.2198470920943283e-4,-1.473142703374286e-4,FAIR_CATCH,0.9975593090057373
2018112503,2541,"(10:44) B.Colquitt punts 47 yards to CIN 24, Center-C.Hughlett. A.Erickson to CIN 25 for 1 yard (P.Gaines).",CLE,CIN,47,R,N,4.64,4.2840168066897215,40.63245131665084,0.0020511895418167114,0.0020725122070871294,0.0020035920684070637,2.1322665270418015e-5,-4.759747340964777e-5,RETURN,0.0020725122070871294
2018112503,3668,"(6:22) B.Colquitt punts 56 yards to CIN 20, Center-C.Hughlett. A.Erickson to CIN 43 for 23 yards (C.Hughlett; J.Peppers).",CLE,CIN,56,C,N,4.31,7.403039916142555,48.39999690082635,0.02675919607281685,0.030756392795592547,0.025826323553919794,0.003997196722775698,-9.32872518897055e-4,RETURN,0.030756392795592547
2018112503,4188,"(2:00) B.Colquitt punts 46 yards to CIN 17, Center-C.Hughlett. A.Erickson to 50 for 33 yards (T.Vallejo).",CLE,CIN,46,C,N,3.71,17.820353531846667,43.20456688823533,0.0012615690939128399,0.0013471274559075633,0.0012715585941138368,8.555836199472338e-5,9.989500200996903e-6,RETURN,0.0013471274559075633
2018112504,1526,"(7:42) M.Haack punts 54 yards to IND 27, Center-J.Denney. C.Rogers to IND 27 for no gain (W.Aikens).",MIA,IND,54,C,N,4.79,1.6752910194948274,44.06842180064996,0.5351762771606445,0.5512187133232752,0.531592077811559,0.01604243616263068,-0.003584199349085493,RETURN,0.5512187133232752
2018112504,2312,"(13:40) R.Sanchez punts 8 yards to IND 41, Center-L.Rhodes. J.Baker MUFFS catch, touched at IND 41, recovered by MIA-A.Spence at IND 42. A.Spence to IND 42 for no gain (L.Rhodes). Deflected by MIA #47",IND,MIA,8,UNK,N,2.71,1.3170041761513185,34.733131157441015,0.449249804019928,0.4602175232768059,0.4467275775472323,0.010967719256877895,-0.0025222264726956767,RETURN,0.4602175232768059
2018112504,3631,"(7:57) M.Haack punts 57 yards to IND 23, Center-J.Denney. C.Rogers to IND 31 for 8 yards (C.Armstrong, M.Hull). PENALTY on IND-C.Milton, Illegal Block Above the Waist, 10 yards, enforced at IND 21.",MIA,IND,57,C,N,4.69,4.250647009573953,42.56851536053377,0.22001764178276062,0.22653612141807872,0.20635170117020607,0.006518479635318097,-0.01366594061255455,RETURN,0.22653612141807872
2018112504,3982,"(2:50) M.Haack punts 62 yards to IND 28, Center-J.Denney. C.Rogers to IND 42 for 14 yards (W.Aikens).",MIA,IND,62,C,N,4.34,19.241790457231364,52.62988504642585,0.5999003648757935,0.63613505701224,0.593306947350502,0.03623469213644659,-0.006593417525291412,RETURN,0.63613505701224
2018112505,1469,"(7:33) L.Edwards punts 48 yards to NE 30, Center-T.Hennessy. J.Edelman to NE 30 for no gain (C.Peake).",NYJ,NE,48,C,N,4.21,1.9298186443290477,47.91923622095829,0.43027743697166443,0.4449922944108645,0.4283151652415593,0.01471485743920009,-0.001962271730105103,RETURN,0.4449922944108645
2018112505,3680,"(7:38) L.Edwards punts 47 yards to NE 24, Center-T.Hennessy. J.Edelman to NE 41 for 17 yards (N.Hewitt). PENALTY on NE-O.Melifonwu, Offensive Holding, 10 yards, enforced at NE 24.",NYJ,NE,47,C,N,4.56,10.089484625093602,53.52561442898157,0.986746609210968,0.9875081571439902,0.9846693223714829,7.615479330221886e-4,-0.0020772868394851596,RETURN,0.9875081571439902
2018112505,3789,"(5:23) R.Allen punts 46 yards to NYJ 38, Center-J.Cardona. A.Roberts ran ob at NYJ 39 for 1 yard.",NE,NYJ,46,L,N,4.46,8.847785033555008,65.81113051756519,0.041175972670316696,0.04642942741513252,0.04109983872622251,0.005253454744815825,-7.613394409418384e-5,RETURN,0.04642942741513252
2018112506,947,"(:11) C.Johnston punts 59 yards to NYG 4, Center-R.Lovato. Q.Henderson to NYG 13 for 9 yards (D.Alexander).",PHI,NYG,59,C,N,4.75,13.957478282268614,38.21697266922121,0.7034704685211182,0.7315686353544394,0.7009068862597148,0.028098166833321225,-0.0025635822614034076,RETURN,0.7315686353544394
2018112506,2502,"(10:22) R.Dixon punts 38 yards to NYG 44, Center-Z.DeOssie. G.Tate to NYG 47 for -3 yards (M.Thomas, S.Simonson). FUMBLES (M.Thomas), and recovers at NYG 47.",NYG,PHI,38,C,N,3.08,18.25319971950124,36.46842469863484,0.3021131157875061,0.3136867023507754,0.297012900809447,0.01157358656326929,-0.0051002149780591255,RETURN,0.3136867023507754
2018112506,3125,"(:17) C.Johnston punts 49 yards to NYG 6, Center-R.Lovato. O.Beckham pushed ob at NYG 22 for 16 yards (W.Smallwood).",PHI,NYG,49,C,N,4.11,12.08192865398567,51.43734052223152,0.7303974032402039,0.7486026172836622,0.7250098105271657,0.018205214043458318,-0.005387592713038125,RETURN,0.7486026172836622
2018112506,3238,"(14:16) R.Dixon punts 56 yards to PHI 32, Center-Z.DeOssie. G.Tate to PHI 39 for 7 yards (B.Goodson).",NYG,PHI,56,R,N,4.39,14.236965968913454,57.05530387264622,0.3229213058948517,0.3402292051911354,0.3188256301482518,0.017307899296283735,-0.004095675746599858,RETURN,0.3402292051911354
2018112507,646,"(5:06) B.Anger punts 47 yards to SF 40, Center-G.Sanborn. R.James to SF 49 for 9 yards (J.Rodgers). PENALTY on SF-D.Reed, Offensive Holding, 10 yards, enforced at SF 40.",TB,SF,47,R,N,4.95,4.110048661512412,36.57848821370286,0.2461622804403305,0.25724103465676307,0.2453125706811746,0.011078754216432563,-8.497097591559089e-4,RETURN,0.25724103465676307
2018112507,1082,"(14:24) B.Anger punts 42 yards to SF 15, Center-G.Sanborn. R.James to SF 21 for 6 yards (J.Shaw).",TB,SF,42,C,N,3.64,8.371672473287523,39.008563162464725,0.23753200471401215,0.24877695788939794,0.23641197939713796,0.011244953175385791,-0.0011200253168741903,RETURN,0.24877695788939794
2018112507,1967,"(1:51) B.Pinion punts 39 yards to TB 35, Center-K.Nelson. A.Humphries to TB 41 for 6 yards (G.Mabin).",SF,TB,39,C,N,3.5,12.930034802737378,36.51455874031617,0.6599653959274292,0.6766842973232269,0.6579741656780242,0.01671890139579768,-0.0019912302494049516,RETURN,0.6766842973232269
2018112508,392,"(8:24) D.Jones punts 53 yards to ARI 30, Center-M.Windt. C.Kirk to LAC 44 for 26 yards (U.Nwosu).",LAC,ARI,53,C,N,4.62,11.868365515099368,33.147616807245726,0.6433053612709045,0.6702440226078034,0.6416181272268295,0.026938661336898817,-0.0016872340440750033,RETURN,0.6702440226078034
2018112508,1025,"(12:07) A.Lee punts 60 yards to LAC 16, Center-A.Brewer. D.King to LAC 39 for 23 yards (C.Edmonds).",ARI,LAC,60,C,N,4.39,16.836225824097276,48.74432992666942,0.4299817979335785,0.4522955455382665,0.42751957893371584,0.022313747604688017,-0.002462218999862653,RETURN,0.4522955455382665
2018112508,2594,"(6:15) A.Lee punts 51 yards to LAC 22, Center-A.Brewer. D.King to LAC 27 for 5 yards (C.Edmonds).",ARI,LAC,51,C,N,4.76,4.505208097302502,34.370071283021794,0.9991077780723572,0.9988889069762081,0.9989978198210399,-2.1887109614904254e-4,-1.099582513173214e-4,FAIR_CATCH,0.9991077780723572
2018112509,2302,"(13:10) J.Berry punts 52 yards to DEN 21, Center-K.Canaday. R.Cracraft to DEN 27 for 6 yards (T.Edmunds; K.Canaday).",PIT,DEN,52,C,N,4.89,9.015880433989794,40.13182901388871,0.5610418319702148,0.5774388162295023,0.5587772220373154,0.016396984259287484,-0.002264609932899453,RETURN,0.5774388162295023
2018112509,2609,"(9:43) C.Wadman punts 50 yards to PIT 23, Center-C.Kreiter. R.Switzer MUFFS catch, touched at PIT 23, ball out of bounds at PIT 23.",DEN,PIT,50,R,N,4.6,2.21623554704819,67.90338504080633,0.7234199643135071,0.7393278382221857,0.7198572140932084,0.01590787390867865,-0.003562750220298727,RETURN,0.7393278382221857
2018112509,3099,"(3:30) C.Wadman punts 51 yards to PIT 37, Center-C.Kreiter. R.Switzer MUFFS catch, touched at PIT 37, and recovers at PIT 37. R.Switzer to PIT 37 for no gain (B.Langley).",DEN,PIT,51,L,N,4.34,5.003848518890236,40.73150377778852,0.4580801725387573,0.47247936656077705,0.45407260686159134,0.014399194022019723,-0.004007565677165981,RETURN,0.47247936656077705
2018112509,4003,"(4:36) C.Wadman punts 47 yards to PIT 38, Center-C.Kreiter. R.Switzer to PIT 44 for 6 yards (B.Langley).",DEN,PIT,47,L,N,4.09,8.718950624931882,35.4791051183651,0.1439475119113922,0.15163683041930198,0.13589303329586983,0.00768931850790977,-0.008054478615522387,RETURN,0.15163683041930198
2018112510,167,"(12:57) M.Wile punts 54 yards to GB 16, Center-K.McDermott. T.Davis to GB 29 for 13 yards (S.Weatherly).",MIN,GB,54,C,N,4.79,8.034836650486428,45.295088033913785,0.4220241606235504,0.44164673030376433,0.42045348048210146,0.01962256968021392,-0.0015706801414489546,RETURN,0.44164673030376433
2018112510,1306,"(9:06) J.Scott punts 54 yards to MIN 17, Center-H.Bradley. M.Sherels to MIN 17 for no gain (T.Davis).",GB,MIN,54,L,N,5.15,0.35355339059327656,48.46648326421054,0.5298274159431458,0.5416652146975199,0.5268138698736826,0.011837798754374185,-0.0030135460694631355,RETURN,0.5416652146975199
2018112510,2450,"(10:07) M.Wile punts 59 yards to GB 12, Center-K.McDermott. T.Williams to GB 35 for 23 yards (K.Brothers).",MIN,GB,59,L,N,4.35,10.135763414760625,51.1536372118347,0.449249804019928,0.46966379523277285,0.4470133970181147,0.020413991212844873,-0.0022364070018132676,RETURN,0.46966379523277285
2018112510,2857,"(1:58) J.Scott punts 43 yards to MIN 44, Center-H.Bradley. M.Sherels pushed ob at GB 36 for 20 yards (O.Burks). PENALTY on GB, Illegal Formation, 5 yards, enforced at GB 36.",GB,MIN,43,C,N,4.05,11.703114969955644,29.264423794088273,0.7164408564567566,0.7279373602072398,0.7122407112518946,0.011496503750483167,-0.004200145204862005,RETURN,0.7279373602072398
2018112600,323,"(10:19) T.Daniel punts 50 yards to TEN 28, Center-J.Weeks. A.Jackson to TEN 31 for 3 yards (P.Kalambayi).",HOU,TEN,50,C,N,4.72,12.369046042439985,47.4272179238884,0.5351690649986267,0.5543686087926228,0.5347827901442845,0.019199543793996132,-3.8627485434217235e-4,RETURN,0.5543686087926228
2018112600,803,"(2:06) B.Kern punts 44 yards to HOU 15, Center-B.Brinkley. D.Carter to HOU 40 for 25 yards (H.Landry).",TEN,HOU,44,R,N,4.08,8.071982408305903,27.159160517217757,0.43841397762298584,0.453733417391777,0.4345346184571584,0.015319439768791188,-0.003879359165827434,RETURN,0.453733417391777
2018112600,2775,"(2:12) T.Daniel punts 55 yards to TEN 33, Center-J.Weeks. A.Jackson to TEN 49 for 16 yards (J.Weeks; B.Scarlett).",HOU,TEN,55,C,N,4.09,14.808281466800931,53.52844477471768,0.03638135641813278,0.042659734586874644,0.03563041544829806,0.006278378168741862,-7.50940969834725e-4,RETURN,0.042659734586874644
2018112600,3109,"(11:51) B.Kern punts 55 yards to HOU 33, Center-B.Brinkley. D.Carter to HOU 40 for 7 yards (S.Finch).",TEN,HOU,55,R,N,4.61,10.370043394316154,51.38152391667651,0.9298202991485596,0.930276599129041,0.9249360173940658,4.5629998048146714e-4,-0.004884281754493736,RETURN,0.930276599129041
2018112600,3423,"(6:54) B.Kern punts 52 yards to HOU 21, Center-B.Brinkley. D.Carter to HOU 26 for 5 yards (S.Finch).",TEN,HOU,52,C,N,4.55,17.758718985332248,39.949654566716845,0.9982292056083679,0.9980763067739705,0.9981842239697775,-1.5289883439739693e-4,-4.4981638590457784e-5,FAIR_CATCH,0.9982292056083679
2018112900,432,"(9:01) (Punt formation) T.Morstead punts 57 yards to DAL 21, Center-Z.Wood. C.Beasley to DAL 29 for 8 yards (J.Hardee).",NO,DAL,57,R,N,4.58,16.196302047072354,43.23392186697848,0.6389632821083069,0.660239938100179,0.635177985628446,0.021276655991872118,-0.0037852964798609223,RETURN,0.660239938100179
2018112900,558,"(6:44) (Punt formation) C.Jones punts 51 yards to NO 25, Center-L.Ladouceur. A.Kamara to NO 26 for 1 yard (K.Frazier).",DAL,NO,51,L,N,4.68,5.049683158377368,65.72234018961893,0.33018678426742554,0.34449717243512473,0.32860011388858157,0.014310388167699195,-0.0015866703788439684,RETURN,0.34449717243512473
2018112900,2456,"(5:56) (Punt formation) C.Jones punts 47 yards to NO 17, Center-L.Ladouceur. A.Kamara MUFFS catch, ball out of bounds at NO 12.",DAL,NO,52,L,N,4.58,14.367466721729338,58.92166409734199,0.14783814549446106,0.1620249714454015,0.1431705889850855,0.014186825950940452,-0.004667556509375559,RETURN,0.1620249714454015
2018112900,3018,"(14:17) (Punt formation) C.Jones punts 50 yards to NO 18, Center-L.Ladouceur. A.Kamara pushed ob at NO 34 for 16 yards (L.Ladouceur; J.Heath).",DAL,NO,50,L,N,3.63,17.341813630644285,53.842760887606794,0.3512398600578308,0.37021909008423487,0.3521525568763415,0.01897923002640406,9.126968185106943e-4,RETURN,0.37021909008423487
2018120200,769,"(3:29) M.Bosher punts 55 yards to BAL 25, Center-J.Harris. C.Jones to BAL 29 for 4 yards (R.Gage; B.Carter).",ATL,BAL,55,R,N,4.75,24.13569969982225,59.3126436773813,0.56221604347229,0.5897686092058817,0.5606756677230199,0.02755256573359166,-0.0015403757492701287,RETURN,0.5897686092058817
2018120200,1834,"(3:17) S.Koch punts 39 yards to ATL 33, Center-M.Cox. J.Hardy pushed ob at BAL 49 for 18 yards (C.Board).",BAL,ATL,39,R,N,3.25,12.564334443176852,35.456545234977426,0.6568205952644348,0.6686202587683996,0.6522762934366862,0.011799663503964775,-0.004544301827748565,RETURN,0.6686202587683996
2018120201,618,"(4:21) K.Huber punts 32 yards to DEN 18, Center-C.Harris. R.Cracraft to DEN 19 for 1 yard (A.Erickson).",CIN,DEN,32,R,A,4.17,1.25574678976297,32.90401191344302,0.4279120862483978,0.43558035453160604,0.4248975282907486,0.007668268283208213,-0.003014557957649211,RETURN,0.43558035453160604
2018120201,710,"(3:23) C.Wadman punts 58 yards to CIN 18, Center-C.Kreiter. A.Erickson to CIN 32 for 14 yards (A.Janovich). PENALTY on CIN-K.Russell, Illegal Block Above the Waist, 10 yards, enforced at CIN 22. {Erickson credited with 4 return yards due to the penalty}",DEN,CIN,58,C,N,4.6,19.571816471651267,43.70506835596988,0.5421303510665894,0.5638488818208377,0.5387320339679718,0.021718530754248344,-0.003398317098617598,RETURN,0.5638488818208377
2018120201,1535,"(5:08) K.Huber punts 38 yards to DEN 43, Center-C.Harris. R.Cracraft pushed ob at DEN 45 for 2 yards (J.Franks).",CIN,DEN,38,C,N,3.65,8.59179259526206,37.21589176682456,0.4533431828022003,0.47019268761078514,0.4512705170114835,0.016849504808584825,-0.002072665790716799,RETURN,0.47019268761078514
2018120201,2393,"(13:53) K.Huber punts 57 yards to DEN 25, Center-C.Harris. R.Cracraft to DEN 35 for 10 yards (C.Fejedelem). PENALTY on DEN-J.Jones, Illegal Block Above the Waist, 10 yards, enforced at DEN 28. {Cracraft credited with 3 yard return due to the penalty}",CIN,DEN,57,C,N,4.62,15.956196288589584,50.01715805601114,0.5978702306747437,0.623267549276352,0.5952845152219136,0.02539731860160832,-0.0025857154528300397,RETURN,0.623267549276352
2018120201,2537,"(12:18) C.Wadman punts 43 yards to CIN 37, Center-C.Kreiter. A.Erickson MUFFS catch, RECOVERED by DEN-D.Thomas at CIN 33. D.Thomas to CIN 33 for no gain (A.Erickson). Penalty on CIN-J.Franks, Offensive Holding, declined.",DEN,CIN,47,C,N,3.9,6.390719834259683,45.82866461069971,0.37906980514526367,0.3973837521672249,0.3755738788843155,0.018313947021961208,-0.00349592626094819,RETURN,0.3973837521672249
2018120202,442,"(8:08) S.Martin punts 39 yards to LA 28, Center-D.Muhlbach. J.Natson to LA 30 for 2 yards (D.Shead). PENALTY on LA-S.Shields, Illegal Block Above the Waist, 10 yards, enforced at LA 30.",DET,LA,39,C,N,3.66,1.8796808239698537,49.551380404586105,0.41951003670692444,0.43398820092280704,0.41620663593212764,0.014478164215882605,-0.003303400774796794,RETURN,0.43398820092280704
2018120202,1815,"(1:46) S.Martin punts 58 yards to LA 24, Center-D.Muhlbach. J.Natson to LA 32 for 8 yards (M.Killebrew).",DET,LA,58,C,N,4.62,11.95031380341119,53.40500725587443,0.6850748062133789,0.709473490913709,0.6828036405642828,0.02439868470033013,-0.0022711656490961296,RETURN,0.709473490913709
2018120202,2355,"(14:15) S.Martin punts 54 yards to LA 18, Center-D.Muhlbach. J.Natson to LA 26 for 8 yards (T.Walker).",DET,LA,54,C,N,4.53,12.54590371396178,43.50027356235821,0.7931660413742065,0.8098233338197073,0.7900396513938904,0.016657292445500738,-0.0031263899803161133,RETURN,0.8098233338197073
2018120203,547,"(5:13) J.Scott punts 42 yards to ARI 46, Center-H.Bradley. C.Kirk to ARI 46 for no gain (J.Jones).",GB,ARI,42,C,N,4.8,5.480328457309839,30.921694649549853,0.46344441175460815,0.4707718465725581,0.44987725287675856,0.0073274348179499516,-0.013567158877849594,RETURN,0.4707718465725581
2018120203,955,"(13:55) A.Lee punts 50 yards to GB 41, Center-A.Brewer. J.Alexander pushed ob at ARI 35 for 24 yards (Bra.Williams).",ARI,GB,50,C,N,3.76,11.579710704503809,37.75535193850006,0.537741482257843,0.5566231514016787,0.5351358193159104,0.01888166914383571,-0.0026056629419326516,RETURN,0.5566231514016787
2018120203,2164,"(13:47) A.Lee punts 44 yards to GB 34, Center-A.Brewer. J.Alexander to GB 35 for 1 yard (Bra.Williams).",ARI,GB,44,C,N,4.59,5.1374117997295095,24.3306493953614,0.7104300260543823,0.7136056796709697,0.7019013390938441,0.0031756536165873372,-0.008528686960538212,RETURN,0.7136056796709697
2018120203,2581,"(7:51) K.Fackrell and L.Kendricks reported in as eligible.  J.Scott punts 57 yards to ARI 5, Center-H.Bradley. C.Kirk to ARI 13 for 8 yards (O.Burks).",GB,ARI,57,C,N,4.43,10.21883065717404,49.07669508025168,0.34377574920654297,0.3681866827607155,0.34072750141223274,0.02441093355417251,-0.0030482477943102326,RETURN,0.3681866827607155
2018120203,3197,"(14:11) J.Scott punts 57 yards to ARI 23, Center-H.Bradley. C.Kirk to ARI 29 for 6 yards (T.Brown). GB-I.Campbell was injured during the play.",GB,ARI,57,L,N,4.73,6.659249206930165,52.08407146143627,0.8017325401306152,0.817125935703516,0.8008608160416285,0.015393395572900759,-8.71724088986725e-4,RETURN,0.817125935703516
2018120204,503,"(6:38) B.Colquitt punts 40 yards to HOU 28, Center-C.Hughlett. D.Carter to CLE 24 for 48 yards (T.Vallejo). FUMBLES (T.Vallejo), recovered by HOU-G.Howell at CLE 11. G.Howell to CLE 4 for 7 yards (P.Gaines). PENALTY on HOU-J.Bademosi, Offensive Holding, 10 yards, enforced at HOU 28.",CLE,HOU,40,C,N,3.64,3.009800657850945,31.70906021943886,0.6415961980819702,0.6561822921037674,0.6382713337739309,0.014586094021797225,-0.0033248643080393547,RETURN,0.6561822921037674
2018120205,2619,"(9:32) L.Cooke punts 56 yards to IND 17, Center-M.Overton. C.Rogers to IND 21 for 4 yards (C.Davis; M.Overton).",JAX,IND,56,L,N,4.75,17.55360361863056,40.68065879505886,0.355688214302063,0.38055289030075073,0.353301164607207,0.024864675998687746,-0.0023870496948559805,RETURN,0.38055289030075073
2018120205,3064,"(2:41) R.Sanchez punts 55 yards to JAX 24, Center-L.Rhodes. R.Greene to JAX 32 for 8 yards (C.Milton).",IND,JAX,55,C,N,4.24,9.154916711800263,41.514166256833335,0.7098709940910339,0.7212937361001969,0.7058553735415141,0.011422742009162934,-0.004015620549519872,RETURN,0.7212937361001969
2018120205,3666,"(6:06) L.Cooke punts 50 yards to IND 18, Center-M.Overton. C.Rogers to IND 27 for 9 yards (C.Reavis).",JAX,IND,50,C,N,4.61,9.932819337932202,52.33364118805417,0.17652638256549835,0.19258490771055223,0.16947213570276895,0.016058525145053876,-0.007054246862729402,RETURN,0.19258490771055223
2018120206,485,"(6:57) (Punt formation) M.Darr punts 53 yards to MIA 7, Center-R.Ferguson. K.Stills to MIA 13 for 6 yards (S.Neal).",BUF,MIA,53,C,N,4.82,12.345946703270672,53.46020950202122,0.7397456765174866,0.7589833437403043,0.7370974584420522,0.019237667222817723,-0.002648218075434361,RETURN,0.7589833437403043
2018120206,749,"(2:59) (Punt formation) M.Darr punts 47 yards to MIA 10, Center-R.Ferguson. K.Stills MUFFS catch, touched at MIA 10, and recovers at MIA 13. K.Stills to MIA 13 for no gain (L.Pitts).",BUF,MIA,47,L,N,4.21,12.890232736455925,55.763379560424774,0.7419404983520508,0.7560000730057558,0.7392025866111119,0.014059574653704998,-0.0027379117409388476,RETURN,0.7560000730057558
2018120206,1614,"(3:51) (Punt formation) M.Haack punts 38 yards to BUF 30, Center-J.Denney. I.McKenzie MUFFS catch, RECOVERED by MIA-S.Perry at BUF 36. S.Perry to BUF 36 for no gain (J.Stanford).",MIA,BUF,38,C,N,4.2,2.354761134382851,31.85081631606952,0.4072953462600708,0.4185131452480952,0.4048845308025678,0.011217798988024386,-0.0024108154575029905,RETURN,0.4185131452480952
2018120207,367,"(11:04) R.Dixon punts 54 yards to CHI 16, Center-Z.DeOssie. T.Cohen pushed ob at CHI 31 for 15 yards (R.Dixon).",NYG,CHI,54,C,N,4.58,9.521811802382995,41.62349937234975,0.23627011477947235,0.25086866453289985,0.23485342477758725,0.014598549753427503,-0.0014166900018851014,RETURN,0.25086866453289985
2018120207,1384,"(10:12) P.O'Donnell punts 53 yards to NYG 28, Center-P.Scales. J.Davis to NYG 38 for 10 yards (P.Scales, N.Kwiatkoski).",CHI,NYG,53,C,N,4.8,3.064000652741447,43.46951230460263,0.537741482257843,0.5485678467154503,0.5340924237171809,0.010826364457607318,-0.003649058540662109,RETURN,0.5485678467154503
2018120207,2144,"(1:26) P.O'Donnell punts 49 yards to NYG 32, Center-P.Scales. J.Davis to NYG 43 for 11 yards (D.Houston-Carson, D.Brown).",CHI,NYG,49,C,N,4.48,7.619934382919578,35.64110127366998,0.2493029683828354,0.2618373347322146,0.24591542199254035,0.012534366349379211,-0.0033875463902950376,RETURN,0.2618373347322146
2018120207,2572,"(11:21) P.O'Donnell punts 54 yards to NYG 25, Center-P.Scales. J.Davis to NYG 40 for 15 yards (N.Kwiatkoski, D.Brown).",CHI,NYG,54,C,N,4.19,19.074886631380014,46.5413289453578,0.6782641410827637,0.6992194722096126,0.6753740882873536,0.020955331126848886,-0.002890052795410103,RETURN,0.6992194722096126
2018120207,3314,"(12:46) R.Dixon punts 53 yards to CHI 35, Center-Z.DeOssie. T.Cohen to CHI 43 for 8 yards (R.Ellison). FUMBLES (R.Ellison), and recovers at CHI 45. T.Cohen to CHI 45 for no gain (K.Wynn). PENALTY on CHI-J.Bellamy, Illegal Block Above the Waist, 10 yards, enforced at CHI 36.",NYG,CHI,53,R,N,4.83,7.13354049543422,58.11128117672161,0.1401086151599884,0.1481813249985377,0.13658739253878593,0.008072709838549297,-0.003521222621202469,RETURN,0.1481813249985377
2018120208,1843,"(1:47) (Punt formation) D.Jones punts 52 yards to PIT 9, Center-M.Windt. R.Switzer to PIT 18 for 9 yards (N.Dzubnar, J.Brown). PENALTY on PIT-B.Allen, Illegal Block Above the Waist, 9 yards, enforced at PIT 18.",LAC,PIT,52,C,N,4.75,19.14601786273062,37.89386493879979,0.8295151591300964,0.8437866739432017,0.8272007747491201,0.01427151481310529,-0.0023143843809763087,RETURN,0.8437866739432017
2018120208,3040,"(13:11) (Punt formation) J.Berry punts 57 yards to LAC 27, Center-K.Canaday. D.King for 73 yards, TOUCHDOWN. PIT-K.Canaday was injured during the play.",PIT,LAC,57,R,N,4.44,5.79017270899582,46.56991732867904,0.15145044028759003,0.16734318872292836,0.14713004897038143,0.015892748435338333,-0.0043203913172085995,RETURN,0.16734318872292836
2018120209,773,"(1:54) B.Anger punts 49 yards to CAR 15, Center-G.Sanborn. K.Barner MUFFS catch, ball out of bounds at CAR 20.",TB,CAR,49,R,N,4.64,10.005538466269568,37.24668710100269,0.33018678426742554,0.348202828168869,0.3270355842510859,0.018016043901443457,-0.003151200016339617,RETURN,0.348202828168869
2018120209,1259,"(7:06) M.Palardy punts 55 yards to TB 27, Center-J.Jansen. A.Humphries MUFFS catch, and recovers at TB 23. A.Humphries to TB 23 for no gain (K.Barner).",CAR,TB,59,R,N,5.11,10.65046947322042,53.68800238414539,0.6669491529464722,0.6764386524756749,0.6565270239114761,0.00948949952920275,-0.010422129034996064,RETURN,0.6764386524756749
2018120209,1376,"(4:29) B.Anger punts 51 yards to CAR 29, Center-G.Sanborn. K.Barner to TB 42 for 29 yards (B.Anger). PENALTY on CAR-B.Jacobs, Illegal Block Above the Waist, 10 yards, enforced at CAR 35.",TB,CAR,51,L,N,4.69,6.148243651645566,49.47758785551292,0.3346705436706543,0.3487489300966263,0.33285988241434095,0.014078386425971978,-0.0018106612563133506,RETURN,0.3487489300966263
2018120209,3486,"(4:17) B.Anger punts 55 yards to CAR 21, Center-G.Sanborn. K.Barner to CAR 21 for no gain (B.Wilson).",TB,CAR,55,R,N,5.07,1.790111728356642,31.244301880502945,0.14843089878559113,0.16074223453799882,0.14068988579014938,0.012311335752407698,-0.007741012995441748,RETURN,0.16074223453799882
2018120211,144,"(13:27) (Punt formation) B.Kern punts 44 yards to NYJ 35, Center-B.Brinkley. A.Roberts pushed ob at NYJ 39 for 4 yards (K.Lewis).",TEN,NYJ,44,L,N,4.28,6.763578934262538,35.07958523129942,0.4220241606235504,0.43335972209771473,0.42035105168819425,0.011335561474164313,-0.0016731089353561601,RETURN,0.43335972209771473
2018120212,911,"(14:11) M.Wile punts 47 yards to NE 25, Center-K.McDermott. J.Edelman to NE 31 for 6 yards (E.Wilson).",MIN,NE,47,R,N,5.1,16.121619025395685,57.69733529375512,0.7674649357795715,0.7728172805905342,0.756629474957784,0.005352344810962695,-0.010835460821787546,RETURN,0.7728172805905342
2018120212,1621,"(2:00) R.Allen punts 52 yards to MIN 22, Center-J.Cardona. M.Sherels to MIN 26 for 4 yards (M.Slater).",NE,MIN,52,L,N,4.3,10.568751108811298,49.92633172985975,0.17239001393318176,0.17912402282158535,0.1713509732981523,0.0067340088884035865,-0.0010390406350294645,RETURN,0.17912402282158535
2018120212,2171,"(12:48) M.Wile punts 44 yards to NE 34, Center-K.McDermott. J.Edelman to MIN 44 for 22 yards (J.Kearse). PENALTY on NE-B.King, Offensive Holding, 10 yards, enforced at NE 34.",MIN,NE,44,L,N,4.15,15.133175476416048,43.354318124034656,0.7104300260543823,0.7167803996801376,0.7011151005824406,0.006350373625755301,-0.009314925471941682,RETURN,0.7167803996801376
2018120212,3123,"(14:22) M.Wile punts 53 yards to NE 27, Center-K.McDermott. J.Edelman to 50 for 23 yards (J.Kearse).",MIN,NE,53,R,N,4.81,22.822887635003603,47.53032926458642,0.8101261258125305,0.8291229888796806,0.8077503405014674,0.018996863067150094,-0.0023757853110630833,RETURN,0.8291229888796806
2018120213,195,"(10:47) B.Pinion punts 38 yards to SEA 41, Center-K.Nelson. T.Lockett to SEA 37 for -4 yards (M.Harris).",SF,SEA,38,C,N,3.96,8.344585070571213,45.695253582839435,0.5844466686248779,0.6030375920732816,0.5833597576618195,0.01859092344840363,-0.0010869109630584628,RETURN,0.6030375920732816
2018120213,1445,"(6:39) M.Dickson punts 43 yards to SF 26, Center-T.Ott. R.James to SF 28 for 2 yards (J.Coleman).",SEA,SF,43,C,N,3.25,19.027099095763393,41.82335830609494,0.11437468230724335,0.12087872855365277,0.11056186497211457,0.00650404624640942,-0.003812817335128782,RETURN,0.12087872855365277
2018120213,1717,"(2:00) M.Dickson punts 56 yards to SF 30, Center-T.Ott. R.James MUFFS catch, RECOVERED by SEA-N.Thorpe at SF 33. N.Thorpe to SF 33 for no gain (R.James).",SEA,SF,56,C,N,4.79,16.025760512375065,39.10610821853793,0.11044035106897354,0.11847125599781672,0.10650449129442374,0.008030904928843174,-0.003935859774549799,RETURN,0.11847125599781672
2018120213,2735,"(7:39) M.Dickson punts 53 yards to SF 9, Center-T.Ott. T.Taylor to SF 20 for 11 yards (M.Alexander). PENALTY on SF-M.Nzeocha, Illegal Blindside Block, 10 yards, enforced at SF 20.",SEA,SF,53,L,N,4.23,17.118659410129062,39.60867076790131,0.058305270969867706,0.0676238247503837,0.0553595760713021,0.009318553780515992,-0.0029456948985656095,RETURN,0.0676238247503837
2018120300,547,"(5:24) T.Way punts 59 yards to PHI 12, Center-N.Sundberg. D.Sproles to PHI 16 for 4 yards (D.Johnson; J.Chesson).",WAS,PHI,59,C,N,4.2,14.661650657412348,58.258198564665555,0.7419404983520508,0.7628473610182603,0.7388312836488088,0.020906862666209558,-0.0031092147032419915,RETURN,0.7628473610182603
2018120300,639,"(3:57) C.Johnston punts 50 yards to WAS 28, Center-R.Lovato. G.Stroman to WAS 29 for 1 yard (D.Hall).",PHI,WAS,50,C,N,4.68,11.044093444008883,45.04073933673824,0.23566876351833344,0.24960720782478651,0.23436227877934773,0.01393844430645308,-0.0013064847389857026,RETURN,0.24960720782478651
2018120300,1663,"(2:33) T.Way punts 44 yards to PHI 46, Center-N.Sundberg. D.Sproles to WAS 40 for 14 yards (D.Everett).",WAS,PHI,44,R,N,4.74,11.416312889895757,33.83605325684425,0.505601167678833,0.5110306909680367,0.4805888681610425,0.005429523289203653,-0.025012299517790493,RETURN,0.5110306909680367
2018120300,3332,"(10:11) T.Way punts 49 yards to PHI 26, Center-N.Sundberg. D.Sproles to PHI 27 for 1 yard (M.Nicholson).",WAS,PHI,49,R,N,4.47,5.315072906367322,44.63392879861686,0.9672398567199707,0.9667685370147229,0.9666000560919443,-4.713197052478302e-4,-6.398006280263768e-4,FAIR_CATCH,0.9672398567199707
2018120600,494,"(6:13) (Punt formation) L.Cooke punts 54 yards to TEN 14, Center-M.Overton. C.Batson to TEN 19 for 5 yards (Q.Meeks; C.Davis).",JAX,TEN,54,C,N,4.41,14.04333649814032,49.50995859420608,0.7419404983520508,0.760608487178882,0.7382901006937027,0.018667988826831183,-0.00365039765834807,RETURN,0.760608487178882
2018120600,786,"(:59) (Punt formation) L.Cooke punts 47 yards to TEN 7, Center-M.Overton. C.Batson MUFFS catch, touched at TEN 7, and recovers at TEN 1. C.Batson tackled in End Zone for -1 yards, SAFETY (L.Jacobs).",JAX,TEN,47,C,A,4.14,13.409522735727762,32.14824723060341,0.736017107963562,0.7527541789909203,0.7333185150225957,0.01673707102735833,-0.0026985929409663045,RETURN,0.7527541789909203
2018120600,1607,"(1:51) (Punt formation) B.Kern punts 62 yards to JAX 25, Center-B.Brinkley. D.Westbrook to JAX 24 for -1 yards (J.Kalu).",TEN,JAX,62,C,N,4.67,6.393621821784583,50.54063414718893,0.14283354580402374,0.15104502956072488,0.14198495994011562,0.008211483756701138,-8.485858639081245e-4,RETURN,0.15104502956072488
2018120600,2280,"(13:09) (Punt formation) L.Cooke punts 52 yards to TEN 24, Center-M.Overton. A.Jackson to TEN 32 for 8 yards (N.DeLuca).",JAX,TEN,52,C,N,4.8,17.021568670366428,25.468011308305957,0.9213374257087708,0.9296150014797846,0.9212698330481847,0.008277575771013845,-6.759266058609104e-5,RETURN,0.9296150014797846
2018120600,3309,"(13:06) (Punt formation) B.Kern punts 56 yards to JAX 5, Center-B.Brinkley. Q.Meeks to JAX 6 for 1 yard (B.Trawick; H.Landry).",TEN,JAX,56,C,N,4.22,1.114001795330689,52.99404494846567,0.011301780119538307,0.011965048220008611,0.010695106716205676,6.632681004703038e-4,-6.066734033326315e-4,RETURN,0.011965048220008611
2018120900,533,"(6:56) L.Edwards punts 56 yards to BUF 21, Center-T.Hennessy. M.Hyde pushed ob at BUF 25 for 4 yards (B.Copeland).",NYJ,BUF,56,R,N,4.63,9.345127072437272,45.25644484490579,0.7397456765174866,0.7569682942827543,0.736502295533816,0.017222617765267678,-0.0032433809836706073,RETURN,0.7569682942827543
2018120901,2254,"(1:03) J.Hekker punts 55 yards to CHI 17, Center-J.McQuaide. T.Cohen pushed ob at CHI 39 for 22 yards (J.Hekker).",LA,CHI,55,C,N,3.76,19.39187974385155,52.80625152384896,0.5335556864738464,0.5577886633078257,0.5303290899594625,0.02423297683397929,-0.0032265965143839503,RETURN,0.5577886633078257
2018120902,3075,"(1:49) M.Palardy punts 54 yards to CLE 6, Center-J.Jansen. J.Peppers to CLE 25 for 19 yards (S.Thompson).",CAR,CLE,54,R,N,4.59,12.683359176495786,52.73196848212665,0.40083298087120056,0.419236852924029,0.39522431592146556,0.01840387205282845,-0.005608664949734998,RETURN,0.419236852924029
2018120902,4027,"(1:15) B.Colquitt punts 47 yards to CAR 29, Center-C.Hughlett. K.Barner to CAR 35 for 6 yards (T.Thomas; D.Hines).",CLE,CAR,47,R,N,4.17,10.230801532626849,38.00240123992167,0.1408010572195053,0.1469867718219757,0.12256071239709854,0.006185714602470388,-0.018240344822406773,RETURN,0.1469867718219757
2018120903,1748,"(2:56) M.Bosher punts 45 yards to GB 14, Center-J.Condo. J.Alexander MUFFS catch, and recovers at GB 14. PENALTY on GB-F.Brown, Offensive Holding, 7 yards, enforced at GB 14.",ATL,GB,45,R,N,4.57,3.5833643409511127,54.23970593578104,0.8231175541877747,0.8321349538366,0.8216576558351517,0.009017399648825308,-0.0014598983526229459,RETURN,0.8321349538366
2018120903,2565,"(10:30) M.Bosher punts 53 yards to GB 22, Center-J.Condo. J.Alexander MUFFS catch, and recovers at GB 24. J.Alexander to GB 24 for no gain (R.Gage).",ATL,GB,53,C,N,4.5,12.395099838242528,38.54815300374326,0.9752936363220215,0.9774420163035393,0.9755642525355022,0.002148379981517845,2.706162134806789e-4,RETURN,0.9774420163035393
2018120903,3634,"(10:49) J.Scott punts 57 yards to ATL 25, Center-H.Bradley. J.Hardy to ATL 39 for 14 yards (L.Kendricks).",GB,ATL,57,C,N,4.65,13.771397895638632,53.09052834545915,0.011523119173943996,0.012834527092054486,0.010939523571481308,0.0013114079181104892,-5.835956024626884e-4,RETURN,0.012834527092054486
2018120904,120,"(13:38) R.Sanchez punts 55 yards to HOU 14, Center-L.Rhodes. D.Carter to HOU 26 for 12 yards (L.Rhodes).",IND,HOU,55,C,N,4.48,10.597896017606512,44.6947021468988,0.5462617874145508,0.5622031373778978,0.5435783708095551,0.015941349963347062,-0.0026834166049957142,RETURN,0.5622031373778978
2018120904,227,"(11:40) T.Daniel punts 52 yards to IND 14, Center-J.Weeks. C.Rogers pushed ob at IND 40 for 26 yards (J.Reid). PENALTY on HOU-A.Moore, Ineligible Downfield Kick, 5 yards, enforced at IND 40.",HOU,IND,52,C,N,4.28,15.583609979719077,48.76781110527721,0.4220241606235504,0.4449227968851725,0.42084823389848075,0.022898636261622085,-0.0011759267250696648,RETURN,0.4449227968851725
2018120904,452,"(8:21) T.Daniel punts 53 yards to IND 33, Center-J.Weeks. C.Rogers to IND 41 for 8 yards (P.Kalambayi).",HOU,IND,53,C,N,3.8,22.611406413578084,47.445075613808434,0.43137669563293457,0.4542374158898989,0.4226020845770836,0.02286072025696434,-0.008774611055850978,RETURN,0.4542374158898989
2018120904,1145,"(1:05) R.Sanchez punts 47 yards to HOU 21, Center-L.Rhodes. T.Mathieu to HOU 27 for 6 yards (Z.Franklin).",IND,HOU,47,C,N,4.67,4.5136681313539215,28.76530027654848,0.747422993183136,0.7663815002640089,0.7492367510000865,0.018958507080872877,0.0018137578169504787,RETURN,0.7663815002640089
2018120904,1694,"(7:32) T.Daniel punts 50 yards to IND 44, Center-J.Weeks. C.Rogers to HOU 45 for 11 yards (A.Moore). PENALTY on IND-G.Odum, Illegal Block Above the Waist, 10 yards, enforced at IND 46.",HOU,IND,50,C,N,3.54,17.05316686131934,52.870998666565775,0.23948834836483002,0.25763040463129677,0.23861554617683092,0.018142056266466755,-8.728021879990944e-4,RETURN,0.25763040463129677
2018120904,1902,"(5:23) T.Daniel punts 41 yards to IND 34, Center-J.Weeks. C.Rogers MUFFS catch, and recovers at IND 34. C.Rogers to IND 34 for no gain (A.Moore).",HOU,IND,41,C,N,3.85,4.984235146940803,24.034183988644177,0.4330819547176361,0.44974143783251447,0.4296389586726824,0.01665948311487836,-0.0034429960449536834,RETURN,0.44974143783251447
2018120904,3928,"(6:52) T.Daniel punts 50 yards to IND 12, Center-J.Weeks. C.Rogers to IND 23 for 11 yards (J.Reid; Z.Cunningham).",HOU,IND,50,C,N,4.02,19.670223689627935,39.06895570654533,0.9484222531318665,0.9543359685440859,0.9449192122618357,0.005913715412219411,-0.003503040870030727,RETURN,0.9543359685440859
2018120905,382,"(8:55) S.Koch punts 51 yards to KC 19, Center-M.Cox. T.Hill pushed ob at KC 25 for 6 yards (C.Clark).",BAL,KC,51,L,N,4.08,11.140219926015822,48.00301032227041,0.5531013011932373,0.5680986167987188,0.5492762267589569,0.014997315605481454,-0.0038250744342803733,RETURN,0.5680986167987188
2018120905,1824,"(1:49) S.Koch punts 53 yards to KC 12, Center-M.Cox. T.Hill to KC 19 for 7 yards (P.Onwuasor; J.Allen).",BAL,KC,53,L,N,3.88,11.80431277118664,62.32574508178782,0.655982494354248,0.6738685007890065,0.6533330637216568,0.01788600643475846,-0.0026494306325912653,RETURN,0.6738685007890065
2018120905,3600,"(5:24) D.Colquitt punts 50 yards to BAL 31, Center-J.Winchester. C.Jones to KC 14 for 55 yards (M.Kemp).",KC,BAL,50,C,N,4.09,10.105731047282031,53.548492042260165,0.4595870077610016,0.4825626916686694,0.45012125730514524,0.0229756839076678,-0.009465750455856348,RETURN,0.4825626916686694
2018120906,599,"(3:34) (Punt formation) R.Allen punts 47 yards to MIA 21, Center-J.Cardona. D.Amendola to MIA 28 for 7 yards (N.Ebner; K.Van Noy).",NE,MIA,47,L,N,4.4,8.783194179795863,45.590565910065216,0.587351381778717,0.6010222042600314,0.5855479743083318,0.013670822481314349,-0.0018034074703852099,RETURN,0.6010222042600314
2018120906,1872,"(1:00) (Punt formation) R.Allen punts 49 yards to MIA 23, Center-J.Cardona. D.Amendola to MIA 32 for 9 yards (C.Patterson). FUMBLES (C.Patterson), ball out of bounds at MIA 32.",NE,MIA,49,L,N,4.38,2.530494022913312,63.97509593584054,0.30977895855903625,0.31736175109942755,0.3072112716237704,0.007582792540391292,-0.002567686935265878,RETURN,0.31736175109942755
2018120906,3167,"(15:00) (Punt formation) R.Allen punts 46 yards to MIA 8, Center-J.Cardona. D.Amendola to MIA 8 for no gain (J.Jones).",NE,MIA,46,L,A,3.82,3.6320930604817927,56.89486795836686,0.643984317779541,0.6456834127505621,0.6417135558525722,0.0016990949710210534,-0.002270761926968845,RETURN,0.6456834127505621
2018120907,804,"(1:57) T.Morstead punts 60 yards to TB 25, Center-Z.Wood. A.Humphries pushed ob at TB 46 for 21 yards (C.Banjo). PENALTY on TB-C.Lynch, Illegal Block Above the Waist, 10 yards, enforced at TB 35.",NO,TB,60,C,N,4.35,7.893852038137018,48.046679385780656,0.7836722731590271,0.7893253312508265,0.773269098798434,0.00565305809179939,-0.010403174360593126,RETURN,0.7893253312508265
2018120907,3370,"(10:47) B.Anger punts 62 yards to NO 30, Center-G.Sanborn. T.Lewis to NO 47 for 17 yards (B.Wilson).",TB,NO,62,L,N,4.81,25.40447401541704,73.89519402505145,0.6945578455924988,0.7219590806961059,0.6946112110217413,0.027401235103607147,5.3365429242502316e-5,RETURN,0.7219590806961059
2018120907,3718,"(5:44) B.Anger punts 43 yards to NO 29, Center-G.Sanborn. T.Lewis to NO 41 for 12 yards (R.Jones II).",TB,NO,43,C,N,3.6,19.02062564691288,55.43342673874672,0.9791815280914307,0.980166135430336,0.9770118846495947,9.846073389053744e-4,-0.002169643441836011,RETURN,0.980166135430336
2018120908,162,"(13:00) T.Way punts 51 yards to NYG 10, Center-N.Sundberg. J.Davis to NYG 21 for 11 yards (S.Hamilton).",WAS,NYG,51,R,N,4.14,5.802930294256514,49.21668822665743,0.4220241606235504,0.4382940361897151,0.42131209661563235,0.01626987556616466,-7.120640079180673e-4,RETURN,0.4382940361897151
2018120908,415,"(10:32) T.Way punts 49 yards to NYG 25, Center-N.Sundberg. J.Davis to NYG 27 for 2 yards (B.Marshall).",WAS,NYG,49,C,N,4.43,11.119802156513396,28.178360491696463,0.4220241606235504,0.4426507281263669,0.4216117771466573,0.020626567502816495,-4.1238347689309673e-4,RETURN,0.4426507281263669
2018120908,507,"(9:34) R.Dixon punts 38 yards to WAS 31, Center-Z.DeOssie. G.Stroman MUFFS catch, and recovers at WAS 31. G.Stroman to WAS 31 for no gain (R.Shepard).",NYG,WAS,38,L,N,4.4,1.9797474586421409,41.431554399998085,0.5392913818359375,0.5469194001952807,0.534782013297081,0.007628018359343236,-0.0045093685388565286,RETURN,0.5469194001952807
2018120908,1078,"(:19) T.Way punts 52 yards to NYG 17, Center-N.Sundberg. J.Davis to NYG 40 for 23 yards (D.Everett).",WAS,NYG,52,C,N,4.32,16.403176521637512,48.20127176745443,0.6485736966133118,0.6765248088041941,0.6452689079443613,0.02795111219088231,-0.0033047886689504535,RETURN,0.6765248088041941
2018120908,1831,"(4:28) T.Way punts 49 yards to NYG 18, Center-N.Sundberg. J.Davis to NYG 18 for no gain (M.Nicholson).",WAS,NYG,49,C,N,4.54,1.7863930138690054,30.428966462895183,0.9925325512886047,0.9913454177975655,0.9920113581418991,-0.0011871334910392717,-5.21193146705623e-4,FAIR_CATCH,0.9925325512886047
2018120908,3453,"(10:33) R.Dixon punts 45 yards to WAS 25, Center-Z.DeOssie. G.Stroman to WAS 23 for -2 yards (R.Shepard).",NYG,WAS,45,C,N,4.22,3.899358921669035,50.38607148806105,1.2712761235889047e-4,1.0861717441002838e-4,1.1639522155746817e-4,-1.8510437948862096e-5,-1.0732390801422302e-5,FAIR_CATCH,1.2712761235889047e-4
2018120909,1639,"(3:50) D.Jones punts 56 yards to CIN 32, Center-M.Windt. A.Erickson to CIN 46 for 14 yards (N.Dzubnar; K.Emanuel).",LAC,CIN,56,C,N,4.94,6.893047221657493,45.87986595446853,0.19818033277988434,0.2042458948493004,0.1907463429371516,0.006065562069416053,-0.007433989842732747,RETURN,0.2042458948493004
2018120909,1729,"(2:13) K.Huber punts 50 yards to LAC 15, Center-C.Harris. D.King to LAC 15 for no gain (C.Core). PENALTY on LAC-J.Richards, Offensive Holding, 8 yards, enforced at LAC 15.",CIN,LAC,50,L,N,4.52,4.723822604628586,34.58547816642123,0.8157479166984558,0.8257957697411378,0.8137648598353068,0.010047853042681965,-0.0019830568631490353,RETURN,0.8257957697411378
2018120909,1867,"(1:44) D.Jones punts 38 yards to LAC 44, Center-M.Windt. A.Erickson to LAC 35 for 9 yards (K.Emanuel; J.Richards). LAC-K.Emanuel was injured during the play.",LAC,CIN,38,C,N,3.53,15.57280000513716,31.3123138717023,0.20560963451862335,0.20733090033133825,0.19721420447031657,0.001721265812714895,-0.008395430048306785,RETURN,0.20733090033133825
2018120910,396,"(9:27) C.Wadman punts 55 yards to SF 24, Center-C.Kreiter. R.James MUFFS catch, and recovers at SF 24. R.James to SF 24 for no gain (D.Thomas). PENALTY on SF-E.Lee, Offensive Holding, 10 yards, enforced at SF 24.",DEN,SF,55,C,N,4.65,16.60010843338078,43.2000578703316,0.6389632821083069,0.6580158972740173,0.6362783404191336,0.01905261516571044,-0.0026849416891733258,RETURN,0.6580158972740173
2018120910,869,"(2:19) C.Wadman punts 50 yards to SF 11, Center-C.Kreiter. T.Taylor ran ob at SF 19 for 8 yards.",DEN,SF,50,L,A,3.7,7.868227246337006,51.91176552574571,0.638334333896637,0.6518461773792903,0.6343798373142878,0.01351184348265333,-0.003954496582349143,RETURN,0.6518461773792903
2018120910,2804,"(13:04) C.Wadman punts 53 yards to SF 26, Center-C.Kreiter. T.Taylor to SF 44 for 18 yards (S.Thomas).",DEN,SF,53,C,N,4.55,12.693092609762209,38.47197031606257,0.9667670726776123,0.9684595819190145,0.9656415206193923,0.0016925092414021847,-0.0011255520582199585,RETURN,0.9684595819190145
2018120910,2917,"(11:12) B.Pinion punts 47 yards to DEN 24, Center-C.Holba. R.Cracraft to DEN 44 for 20 yards (G.Celek).",SF,DEN,47,C,N,4.45,15.366853939567465,51.87862469264195,0.038427673280239105,0.04254063535481691,0.0361410414117078,0.004112962074577807,-0.0022866318685313067,RETURN,0.04254063535481691
2018120910,3505,"(2:18) B.Pinion punts 44 yards to DEN 8, Center-C.Holba. R.Cracraft to DEN 8 for no gain (T.Moore, G.Mabin). Penalty on DEN-J.Jones, Running Into the Kicker, declined.",SF,DEN,44,C,A,4.13,3.730147450168691,48.65122095076341,0.06659248471260071,0.07422757737338542,0.06587114510436853,0.007635092660784715,-7.213396082321744e-4,RETURN,0.07422757737338542
2018120910,4083,"(7:04) B.Pinion punts 40 yards to DEN 31, Center-C.Holba. R.Cracraft to DEN 31 for no gain (T.Moore).",SF,DEN,40,C,N,4.42,3.067572330035592,34.95264510734487,0.038480762392282486,0.04193408514683446,0.036342280618846416,0.0034533227545519712,-0.0021384817734360698,RETURN,0.04193408514683446
2018120911,322,"(10:44) A.Lee punts 45 yards to DET 31, Center-A.Brewer. T.Jones to DET 35 for 4 yards (T.Armbrister).",ARI,DET,45,L,N,4.66,8.43827589025151,28.89676279447232,0.4220241606235504,0.43512692044178647,0.4217139933506648,0.013102759818236054,-3.1016727288563084e-4,RETURN,0.43512692044178647
2018120911,682,"(4:32) S.Martin punts 50 yards to ARI 35, Center-D.Muhlbach. P.Peterson pushed ob at DET 47 for 18 yards (T.Wilson). PENALTY on ARI-D.Amerson, Illegal Block Above the Waist, 10 yards, enforced at ARI 37.",DET,ARI,50,R,N,4.39,4.238584669438618,55.23134074056142,0.5421303510665894,0.5552122602860133,0.5392291951179504,0.013081909219423982,-0.0029011559486389338,RETURN,0.5552122602860133
2018120911,873,"(2:39) A.Lee punts 35 yards to DET 15, Center-A.Brewer. B.Ellington MUFFS catch, and recovers at DET 16. B.Ellington ran ob at DET 16 for no gain.",ARI,DET,35,L,A,4.42,5.5493873535733655,45.520731540694726,0.4279120862483978,0.43642624278863273,0.42558598816394805,0.008514156540234907,-0.002326098084449779,RETURN,0.43642624278863273
2018120911,1750,"(4:11) S.Martin punts 48 yards to ARI 13, Center-D.Muhlbach. P.Peterson to ARI 24 for 11 yards (E.Harold). DET-T.Wilson was injured during the play.",DET,ARI,48,C,N,4.34,15.304169366548448,41.50848708396874,0.43229395151138306,0.4481694922844569,0.4270704979697863,0.01587554077307385,-0.0052234535415967565,RETURN,0.4481694922844569
2018120911,1908,"(2:00) A.Lee punts 57 yards to DET 13, Center-A.Brewer. Q.Diggs to DET 17 for 4 yards (E.Turner; J.Walker).",ARI,DET,57,R,N,4.69,9.24912968878694,36.87436643523519,0.5517660975456238,0.5736837110916774,0.5487489595015844,0.021917613546053594,-0.003017138044039358,RETURN,0.5736837110916774
2018120911,2070,"(:40) S.Martin punts 45 yards to ARI 7, Center-D.Muhlbach. P.Peterson ran ob at ARI 19 for 12 yards (M.Ford).",DET,ARI,45,C,A,4.31,13.987337130419071,41.230156439189024,0.4244583547115326,0.43980741759141284,0.420963783065478,0.015349062879880249,-0.0034945716460546006,RETURN,0.43980741759141284
2018120911,2585,"(7:54) S.Martin punts 51 yards to ARI 13, Center-D.Muhlbach. P.Peterson to ARI 14 for 1 yard (A.Jones).",DET,ARI,51,C,N,4.11,16.345396905551112,48.157268402599414,0.41834622621536255,0.44033971458673477,0.4125149388114611,0.021993488371372216,-0.005831287403901431,RETURN,0.44033971458673477
2018120911,3181,"(13:43) S.Martin punts 44 yards to ARI 44, Center-D.Muhlbach. P.Peterson to DET 44 for 12 yards (D.Shead). PENALTY on ARI-D.Gardeck, Offensive Holding, 10 yards, enforced at ARI 44.",DET,ARI,44,R,N,4.62,10.400855734024969,41.35943060536496,0.21045495569705963,0.22185575808087982,0.20194537778695423,0.011400802383820186,-0.008509577910105398,RETURN,0.22185575808087982
2018120912,835,"(1:03) (Punt formation) C.Johnston punts 50 yards to DAL 15, Center-R.Lovato. C.Beasley to DAL 16 for 1 yard (D.Hall). PENALTY on DAL-R.Smith, Offensive Holding, 7 yards, enforced at DAL 15.",PHI,DAL,50,C,N,4.07,9.77871668471891,44.030557570850725,0.6409931182861328,0.6601897768179575,0.6372338132063547,0.01919665853182473,-0.0037593050797780636,RETURN,0.6601897768179575
2018120912,2094,"(13:35) (Punt formation) C.Johnston punts 42 yards to DAL 32, Center-R.Lovato. C.Beasley pushed ob at DAL 46 for 14 yards (T.Sullivan; K.Grugier-Hill).",PHI,DAL,42,C,N,3.58,15.122357620424138,40.92876983247848,0.7389822602272034,0.757169208029906,0.7380555504560471,0.01818694780270258,-9.267097711562755e-4,RETURN,0.757169208029906
2018120912,3568,"(5:36) (Punt formation) C.Jones punts 39 yards to PHI 44, Center-L.Ladouceur. D.Sproles to DAL 47 for 9 yards (D.Wilson).",DAL,PHI,39,C,N,3.61,12.593113197299552,49.09497122924099,0.1697390079498291,0.17431157037615777,0.16365191544095675,0.004572562426328669,-0.006087092508872349,RETURN,0.17431157037615777
2018120913,644,"(4:02) J.Townsend punts 57 yards to PIT 24, Center-T.Sieg. R.Switzer to PIT 33 for 9 yards (M.Lee; K.Smith).",OAK,PIT,57,C,N,4.36,9.222852053459386,58.4286179881058,0.23566876351833344,0.25401140888532003,0.23353467484315235,0.0183426453669866,-0.002134088675181084,RETURN,0.25401140888532003
2018120913,1590,"(3:07) J.Townsend punts 51 yards to PIT 24, Center-T.Sieg. R.Switzer to PIT 32 for 8 yards (E.Harris). PENALTY on OAK-E.Harris, Face Mask (15 Yards), 15 yards, enforced at PIT 32.",OAK,PIT,51,C,N,4.15,12.4284351388258,42.42782223965778,0.3325371742248535,0.3513908542195956,0.33030539433161415,0.01885367999474208,-0.0022317798932393607,RETURN,0.3513908542195956
2018120913,2393,"(9:28) J.Townsend punts 54 yards to PIT 26, Center-T.Sieg. R.Switzer ran ob at PIT 37 for 11 yards (D.Waller).",OAK,PIT,54,C,N,4.35,20.283283757813965,55.08574497998551,0.6402885317802429,0.671327611207962,0.6401257435480754,0.031039079427719107,-1.6278823216753224e-4,RETURN,0.671327611207962
2018121000,199,"(11:34) M.Wile punts 45 yards to SEA 15, Center-K.McDermott. T.Lockett to SEA 20 for 5 yards (E.Wilson).",MIN,SEA,45,R,N,3.76,14.796381314361971,37.26933592110275,0.5418533086776733,0.5589699093500773,0.539433689713478,0.017116600672403948,-0.0024196189641952914,RETURN,0.5589699093500773
2018121000,502,"(6:02) M.Wile punts 38 yards to SEA 21, Center-K.McDermott. T.Lockett to SEA 21 for no gain (C.Ham; B.Gedeon). PENALTY on SEA-M.Alexander, Illegal Block Above the Waist, 10 yards, enforced at SEA 21.",MIN,SEA,38,C,N,4.79,5.137635642978194,30.04498127807704,0.5421303510665894,0.5526723622282346,0.5383551917473475,0.010542011161645215,-0.003775159319241883,RETURN,0.5526723622282346
2018121000,1386,"(6:00) M.Wile punts 41 yards to SEA 28, Center-K.McDermott. T.Lockett to SEA 40 for 12 yards (A.Harris).",MIN,SEA,41,C,N,3.99,5.315336301684022,36.74628280520357,0.6846566796302795,0.6903966137766838,0.678677533864975,0.00573993414640428,-0.005979145765304561,RETURN,0.6903966137766838
2018121300,3999,"(2:47) D.Colquitt punts 55 yards to LAC 39, Center-J.Winchester. D.King MUFFS catch, touched at LAC 39, and recovers at LAC 40. D.King to LAC 40 for no gain (C.Ward).",KC,LAC,55,C,N,4.2,7.039893465103008,39.95338408695814,0.10972707718610764,0.1202347963800033,0.10465763988594215,0.010507719193895662,-0.005069437300165486,RETURN,0.1202347963800033
2018121500,125,"(13:02) L.Edwards punts 44 yards to HOU 43, Center-T.Hennessy. D.Carter to HOU 41 for -2 yards (T.Cannon).",NYJ,HOU,44,C,N,4.02,1.1049434374663727,33.437945511050756,0.4220241606235504,0.43561458627382915,0.42196256707111995,0.013590425650278737,-6.159355243046116e-5,RETURN,0.43561458627382915
2018121500,1610,"(6:52) L.Edwards punts 54 yards to HOU 16, Center-T.Hennessy. D.Carter to HOU 31 for 15 yards (E.Tomlinson).",NYJ,HOU,54,C,N,4.37,10.550071089807878,45.707575958477605,0.7684111595153809,0.7868609374761582,0.7677142916123072,0.01844977796077729,-6.968679030736613e-4,RETURN,0.7868609374761582
2018121500,2280,"(13:02) T.Daniel punts 50 yards to NYJ 30, Center-J.Weeks. A.Roberts to NYJ 40 for 10 yards (B.Peters).",HOU,NYJ,50,C,N,4.32,3.2125535015000146,50.87388819423968,0.2873033583164215,0.30038756410280865,0.28428287426630655,0.013084205786387137,-0.0030204840501149577,RETURN,0.30038756410280865
2018121500,2599,"(6:45) T.Daniel punts 51 yards to NYJ 24, Center-J.Weeks. A.Roberts to NYJ 36 for 12 yards (G.Howell; A.Moore).",HOU,NYJ,51,C,N,4.71,9.31830993260044,43.83300696963419,0.5351888537406921,0.5506257025400797,0.5275359386205674,0.01543684879938756,-0.007652915120124781,RETURN,0.5506257025400797
2018121500,2721,"(5:27) L.Edwards punts 49 yards to HOU 13, Center-T.Hennessy. D.Carter to HOU 17 for 4 yards (T.Cannon).",NYJ,HOU,49,C,N,4.18,3.7853005164715783,50.52354401662655,0.528725802898407,0.5408735936880111,0.5238211218516032,0.012147790789604151,-0.004904681046803749,RETURN,0.5408735936880111
2018121501,118,"(13:22) C.Wadman punts 40 yards to CLE 48, Center-C.Kreiter. J.Peppers to CLE 49 for 1 yard (J.Jones; D.Thomas).",DEN,CLE,40,C,N,4.65,2.908418814407582,35.143342185967455,0.454899400472641,0.46531127552191415,0.4468219288190206,0.010411875049273156,-0.008077471653620383,RETURN,0.46531127552191415
2018121501,2054,"(1:26) B.Colquitt punts 52 yards to DEN 23, Center-C.Hughlett. R.Cracraft to DEN 30 for 7 yards (T.Thomas). PENALTY on DEN-K.Bierria, Offensive Holding, 10 yards, enforced at DEN 23.",CLE,DEN,52,C,N,4.62,17.103993685686397,54.41640653332412,0.5291483998298645,0.5469739938775698,0.5253199062744777,0.01782559404770534,-0.003828493555386836,RETURN,0.5469739938775698
2018121501,2166,"(1:01) C.Wadman punts 46 yards to CLE 37, Center-C.Kreiter. J.Peppers to CLE 45 for 8 yards (R.Cracraft; J.Jewell).",DEN,CLE,46,C,A,4.32,10.357934156963928,32.891185749376675,0.4374324381351471,0.45634391645590466,0.43573099861542386,0.01891147832075757,-0.0017014395197232357,RETURN,0.45634391645590466
2018121501,3285,"(15:00) B.Colquitt punts 56 yards to DEN 32, Center-C.Hughlett. R.Cracraft to DEN 30 for -2 yards (T.Thomas). PENALTY on DEN-W.Parks, Illegal Block Above the Waist, 10 yards, enforced at DEN 30.",CLE,DEN,56,R,N,4.65,10.626951585473604,38.723100340752666,0.7090240120887756,0.7216574541727702,0.7090283715724945,0.012633442083994528,4.3594837189075974e-6,RETURN,0.7216574541727702
2018121600,226,"(12:00) M.Bosher punts 40 yards to ARI 30, Center-J.Condo. P.Peterson ran ob at ATL 44 for 26 yards (J.Bethel). PENALTY on ARI-R.Ford, Offensive Holding, 10 yards, enforced at ARI 46.",ATL,ARI,40,C,N,3.77,17.427200004590524,34.72419905483783,0.4220241606235504,0.44051988969246547,0.4206386315822601,0.018495729068915057,-0.001385529041290301,RETURN,0.44051988969246547
2018121600,1374,"(10:34) A.Lee punts 64 yards to ATL 11, Center-A.Brewer. J.Hardy to ATL 21 for 10 yards (R.Ford).",ARI,ATL,64,C,N,4.15,15.883403287708845,40.90754453642995,0.8124452829360962,0.8321464650829633,0.8107811482747396,0.019701182146867113,-0.00166413466135662,RETURN,0.8321464650829633
2018121600,2753,"(10:52) M.Bosher punts 42 yards to ARI 14, Center-J.Condo. P.Peterson pushed ob at ARI 22 for 8 yards (R.Gage).",ATL,ARI,42,C,A,4.52,7.695869021754465,35.54673684039085,0.04487350583076477,0.048444463151196646,0.043011008414129415,0.003570957320431875,-0.0018624974166353558,RETURN,0.048444463151196646
2018121600,3673,"(9:01) A.Lee punts 58 yards to ATL 23, Center-A.Brewer. M.Hall to ATL 33 for 10 yards (J.Walker). PENALTY on ATL-R.Gage, Offensive Holding, 10 yards, enforced at ATL 23.",ARI,ATL,58,R,N,4.59,25.540119420237648,45.70158968788723,0.9999154806137085,0.9999160720926132,0.999922022819519,5.914789047434255e-7,6.542205810533552e-6,BOUNCE,0.999922022819519
2018121600,4305,"(1:17) M.Bosher punts 55 yards to ARI 25, Center-J.Condo. P.Peterson ran ob at ARI 32 for 7 yards (D.Riley).",ATL,ARI,55,R,N,4.67,6.706004771844417,59.255801403744435,6.587067036889493e-5,5.3301979363216864e-5,5.52322312432807e-5,-1.2568691005678071e-5,-1.0638439125614237e-5,FAIR_CATCH,6.587067036889493e-5
2018121601,2603,"(7:59) (Punt formation) B.Anger punts 30 yards to BAL 17, Center-G.Sanborn. C.Jones MUFFS catch, RECOVERED by TB-J.Shaw at BAL 14. J.Shaw to BAL 14 for no gain (C.Jones).",TB,BAL,33,C,A,4.47,6.504713675481811,34.05555754939274,0.8525992631912231,0.8609395598371824,0.8512882471084595,0.008340296645959255,-0.0013110160827636275,RETURN,0.8609395598371824
2018121601,3369,"(11:30) (Punt formation) S.Koch punts 48 yards to TB 26, Center-M.Cox. A.Humphries pushed ob at TB 38 for 12 yards (M.Canady).",BAL,TB,48,C,A,4.26,7.114246270688134,53.655032382806375,0.15091973543167114,0.1626288788517316,0.14608921743929387,0.011709143420060464,-0.00483051799237727,RETURN,0.1626288788517316
2018121602,1911,"(1:05) S.Martin punts 50 yards to BUF 13, Center-D.Muhlbach. M.Hyde to BUF 13 for no gain (T.Walker).",DET,BUF,50,L,A,3.71,7.153355855820399,46.20771580591276,0.3142062723636627,0.31890372693538666,0.3092198220888774,0.004697454571723936,-0.004986450274785337,RETURN,0.31890372693538666
2018121602,2574,"(7:09) S.Martin punts 55 yards to BUF 26, Center-D.Muhlbach. I.McKenzie to BUF 36 for 10 yards (K.Sheppard). BUF-I.McKenzie was injured during the play. His return is Probable.  I.McKenzie taken off field on cart.",DET,BUF,55,C,N,4.59,10.821580291251363,36.02795858774127,0.3310113251209259,0.34329925586779914,0.3212167278925578,0.012287930746873232,-0.009794597228368118,RETURN,0.34329925586779914
2018121602,3208,"(13:41) M.Darr punts 52 yards to DET 28, Center-R.Ferguson. Q.Diggs to BUF 49 for 23 yards (M.Darr). Penalty during kick. Return credited to DET 28. PENALTY on DET-N.Lawson, Offensive Holding, 10 yards, enforced at DET 28.",BUF,DET,52,C,N,4.37,12.304019668384798,28.448804895812405,0.7955524921417236,0.8130342386166255,0.7949143232901891,0.01748174647490186,-6.381688515345596e-4,RETURN,0.8130342386166255
2018121602,3330,"(11:53) S.Martin punts 42 yards to BUF 38, Center-D.Muhlbach. I.McKenzie to BUF 39 for 1 yard (A.Jones, T.Walker).",DET,BUF,42,C,N,4.33,5.860546049644175,25.95308266853862,0.2218904197216034,0.23758426909645397,0.2168629135688146,0.015693849374850577,-0.0050275061527887965,RETURN,0.23758426909645397
2018121602,3807,"(4:51) M.Darr punts 42 yards to DET 18, Center-R.Ferguson. T.Jones pushed ob at DET 30 for 12 yards (R.Ferguson).",BUF,DET,42,L,N,4.04,11.586612964969529,36.74362121511705,0.4276249408721924,0.4380597500006358,0.4188208637634913,0.010434809128443412,-0.00880407710870107,RETURN,0.4380597500006358
2018121603,3205,"(13:22) L.Kendricks and K.Fackrell reported in as eligible.  J.Scott punts 40 yards to CHI 36, Center-H.Bradley. T.Cohen to CHI 45 for 9 yards (K.Fackrell). PENALTY on GB-H.Bradley, Offensive Holding, 10 yards, enforced at CHI 45.",GB,CHI,40,R,N,4.41,2.6905761464786724,47.11117171117695,0.5525040626525879,0.5601471709211667,0.5507998232046764,0.007643108268578835,-0.0017042394479115375,RETURN,0.5601471709211667
2018121603,3600,"(9:26) J.Crawford and L.Kendricks reported in as eligible.  J.Scott punts 39 yards to CHI 41, Center-H.Bradley. T.Cohen pushed ob at GB 15 for 44 yards (J.Scott).",GB,CHI,39,C,N,3.93,12.352396528609336,44.56505020753371,0.8841460347175598,0.88747991686066,0.8799385398626327,0.003333882143100153,-0.004207494854927107,RETURN,0.88747991686066
2018121603,4171,"(2:51) P.O'Donnell punts 51 yards to GB 37, Center-P.Scales. J.Jackson MUFFS catch, and recovers at GB 41.",CHI,GB,51,L,A,4.82,5.1923019942988695,53.32308036863586,0.023073941469192505,0.02419108195230365,0.02206112233301004,0.001117140483111144,-0.0010128191361824662,RETURN,0.02419108195230365
2018121604,215,"(13:01) J.Townsend punts 38 yards to CIN 19, Center-T.Sieg. A.Erickson to CIN 23 for 4 yards (N.Nelson; M.Lee).",OAK,CIN,38,C,N,4.27,7.005890378816956,28.16034800921324,0.5531013011932373,0.5652840516964595,0.5482491729656855,0.01218275050322215,-0.004852128227551766,RETURN,0.5652840516964595
2018121604,330,"(11:11) K.Huber punts 41 yards to OAK 35, Center-C.Harris. D.Harris to OAK 35 for no gain (B.Wilson; C.Fejedelem).",CIN,OAK,41,R,N,4.68,7.2129328293004384,29.955894244705835,0.4332079589366913,0.44084778636693955,0.4267532434066137,0.007639827430248269,-0.006454715530077593,RETURN,0.44084778636693955
2018121604,3121,"(5:30) K.Huber punts 46 yards to OAK 32, Center-C.Harris. D.Harris ran ob at OAK 46 for 14 yards (M.Walton).",CIN,OAK,46,R,N,3.99,8.64127884054207,39.672515675212736,0.15254426002502441,0.16132913514971733,0.14349466875195505,0.00878487512469292,-0.009049591273069368,RETURN,0.16132913514971733
2018121604,3921,"(7:14) K.Huber punts 39 yards to OAK 40, Center-C.Harris. D.Harris to OAK 48 for 8 yards (C.Fejedelem; M.Lengel).",CIN,OAK,39,L,N,3.54,8.669267558450368,39.74297547995117,0.07564441859722137,0.07988740769525368,0.07230672806501388,0.004242989098032307,-0.0033376905322074907,RETURN,0.07988740769525368
2018121606,855,"(15:00) L.Cooke punts 45 yards to WAS 31, Center-M.Overton. M.Harris to WAS 36 for 5 yards (C.Davis).",JAX,WAS,45,L,A,4.08,8.72267160908858,45.81694555511094,0.5384964942932129,0.5502506486574809,0.536988403002421,0.011754154364267966,-0.0015080912907918798,RETURN,0.5502506486574809
2018121606,1029,"(12:59) T.Way punts 49 yards to JAX 24, Center-A.East. D.Westbrook to JAX 33 for 9 yards (D.Everett).",WAS,JAX,49,R,N,4.41,2.747981077081865,62.03747577069847,0.4299817979335785,0.44162829021612804,0.4276097743709882,0.011646492282549548,-0.0023720235625903086,RETURN,0.44162829021612804
2018121606,1827,"(:52) L.Cooke punts 63 yards to WAS 27, Center-M.Overton. M.Harris MUFFS catch, and recovers at WAS 18. M.Harris to WAS 18 for no gain (Q.Meeks).",JAX,WAS,72,C,N,4.82,9.29873647330647,72.0725974278713,0.42061206698417664,0.4459344796339671,0.4184616941213608,0.02532241264979046,-0.0021503728628158303,RETURN,0.4459344796339671
2018121606,1977,"(:23) T.Way punts 52 yards to JAX 26, Center-A.East. D.Westbrook for 74 yards, TOUCHDOWN.",WAS,JAX,52,C,N,4.37,12.697090217841254,47.63051647840909,0.5360714793205261,0.5550186802943547,0.5326579409837723,0.018947200973828626,-0.0034135383367538408,RETURN,0.5550186802943547
2018121606,2639,"(5:35) L.Cooke punts 61 yards to WAS 9, Center-M.Overton. M.Harris pushed ob at WAS 15 for 6 yards (J.Wilson).",JAX,WAS,61,C,N,4.44,14.909232039243337,57.18802059872329,0.3128902018070221,0.33286309550205867,0.30934330860773723,0.019972893695036575,-0.003546893199284862,RETURN,0.33286309550205867
2018121606,2859,"(1:55) T.Way punts 55 yards to JAX 11, Center-A.East. D.Westbrook to JAX 12 for 1 yard (A.Alexander).",WAS,JAX,55,C,N,4.5,6.439914595706992,38.58043675232306,0.7331595420837402,0.7474611328045527,0.7299421701828639,0.014301590720812496,-0.0032173719008763424,RETURN,0.7474611328045527
2018121607,370,"(9:32) M.Haack punts 48 yards to MIN 19, Center-J.Denney. M.Sherels pushed ob at MIN 40 for 21 yards (S.Perry).",MIA,MIN,48,C,N,4.44,5.180347478692916,36.757797812164974,0.7397456765174866,0.7563499543567499,0.7363120178381602,0.016604277839263326,-0.0034336586793263235,RETURN,0.7563499543567499
2018121607,692,"(5:37) M.Haack punts 52 yards to MIN 22, Center-J.Denney. M.Sherels to MIN 30 for 8 yards (W.Aikens).",MIA,MIN,52,L,N,4.58,7.7325416261407804,46.94163397241301,0.8682723045349121,0.8736704530815284,0.8657571452856064,0.005398148546616244,-0.0025151592493056762,RETURN,0.8736704530815284
2018121607,1569,"(6:26) M.Wile punts 46 yards to MIA 24, Center-K.McDermott. D.Amendola pushed ob at MIA 32 for 8 yards (K.Brothers).",MIN,MIA,46,R,N,4.83,3.4973847372000706,47.29135438957103,0.1085948795080185,0.11126089952886105,0.10480007000267505,0.002666020020842555,-0.003794809505343444,RETURN,0.11126089952886105
2018121607,2353,"(10:16) M.Haack punts 63 yards to MIN 8, Center-J.Denney. M.Sherels to MIA 22 for 70 yards (L.Carroo).",MIA,MIN,63,C,N,5,15.29410997737364,49.48408431000819,0.708525538444519,0.730640787978967,0.706962145169576,0.02211524953444799,-0.0015633932749430368,RETURN,0.730640787978967
2018121607,2545,"(7:47) M.Haack punts 63 yards to MIN 15, Center-J.Denney. M.Sherels to MIN 32 for 17 yards (S.Perry).",MIA,MIN,63,L,N,4.17,15.797990378525991,55.07609281711984,0.7940359115600586,0.8157154734929403,0.7905533427000045,0.021679561932881675,-0.003482568860054047,RETURN,0.8157154734929403
2018121607,2739,"(4:25) M.Wile punts 37 yards to MIA 28, Center-K.McDermott. D.Amendola MUFFS catch, ball out of bounds at MIA 31.",MIN,MIA,37,R,N,3.1,15.097450115830824,62.41954902111997,0.20302413403987885,0.21436533153057097,0.19754945034782093,0.011341197490692123,-0.005474683692057919,RETURN,0.21436533153057097
2018121607,2893,"(2:50) M.Haack punts 42 yards to MIN 37, Center-J.Denney. M.Sherels to MIN 37 for no gain (S.Anthony). PENALTY on MIN-J.Kearse, Offensive Holding, 10 yards, enforced at MIN 37.",MIA,MIN,42,C,N,3.99,8.496316849082307,36.44448380756681,0.8464432954788208,0.8455735665559768,0.8387827418247858,-8.69728922843982e-4,-0.007660553654034952,FAIR_CATCH,0.8464432954788208
2018121608,1815,"(2:21) R.Dixon punts 50 yards to TEN 32, Center-Z.DeOssie. A.Jackson to TEN 40 for 8 yards (U.Eligwe).",NYG,TEN,50,C,N,3.93,15.4720166752754,34.44433915754518,0.6939326524734497,0.7196306407451629,0.6915130428473155,0.025697988271713212,-0.0024196096261341893,RETURN,0.7196306407451629
2018121608,2070,"(:55) B.Kern punts 31 yards to NYG 19, Center-B.Brinkley. J.Davis to NYG 19 for no gain (W.Compton; K.Byard).",TEN,NYG,31,C,A,4,4.589651402884541,36.76990617339131,0.29985156655311584,0.3050564584136009,0.29669920514027276,0.005204891860485061,-0.0031523614128430855,RETURN,0.3050564584136009
2018121608,2915,"(5:40) B.Kern punts 40 yards to NYG 19, Center-B.Brinkley. J.Davis to NYG 17 for -2 yards (B.Brinkley, L.Stocker).",TEN,NYG,40,C,N,4.23,9.729953751174774,27.346348933632804,0.2853282392024994,0.30014189928770063,0.28284985323747,0.014813660085201241,-0.002478385965029417,RETURN,0.30014189928770063
2018121608,3377,"(14:17) B.Kern punts 57 yards to NYG 10, Center-B.Brinkley. J.Davis to NYG 14 for 4 yards (B.Trawick, W.Compton). NYG-A.Hamilton was injured during the play.  PENALTY on NYG-U.Eligwe, Illegal Block Above the Waist, 7 yards, enforced at NYG 14.",TEN,NYG,57,R,N,4.51,11.1019682939558,38.868528400236606,0.060149263590574265,0.07117467456807693,0.05758608700086673,0.011025410977502662,-0.002563176589707533,RETURN,0.07117467456807693
2018121609,2269,"(13:02) M.Dickson punts 55 yards to SF 19, Center-T.Ott. T.Taylor to SF 30 for 11 yards (J.Coleman, T.Ott).",SEA,SF,55,R,N,4.48,5.16400038729666,49.027967528748334,0.6956797242164612,0.7094786876440048,0.693434299826622,0.013798963427543609,-0.0022454243898392123,RETURN,0.7094786876440048
2018121609,2618,"(7:01) M.Dickson punts 54 yards to SF 15, Center-T.Ott. T.Taylor to SF 19 for 4 yards (N.Thorpe; J.Coleman). PENALTY on SEA-N.Thorpe, Unsportsmanlike Conduct, 15 yards, enforced at SF 19.",SEA,SF,54,C,N,4.59,19.617609436422157,39.22847052843125,0.7108452320098877,0.7294662157694499,0.7083715345462164,0.018620983759562226,-0.0024736974636713205,RETURN,0.7294662157694499
2018121609,4205,"(1:47) B.Pinion punts 53 yards to SEA 28, Center-C.Holba. T.Lockett to SEA 40 for 12 yards (G.Mabin). PENALTY on SEA-M.Turner, Illegal Block Above the Waist, 10 yards, enforced at SEA 36.",SF,SEA,53,C,N,4.37,20.11099201929135,42.19566091436418,0.5429385304450989,0.5665255941947301,0.5350060419241587,0.023587063749631265,-0.007932488520940195,RETURN,0.5665255941947301
2018121611,126,"(13:37) J.Hekker punts 65 yards to PHI 11, Center-J.McQuaide. D.Sproles to PHI 24 for 13 yards (J.Lawler).",LA,PHI,65,C,N,4.58,13.604264037425912,59.848944017417715,0.4220241606235504,0.44818469961484275,0.4209629522760709,0.026160538991292337,-0.0010612083474795253,RETURN,0.44818469961484275
2018121611,2264,"(12:49) C.Johnston punts 56 yards to LA 10, Center-R.Lovato. J.Natson to LA 5 for -5 yards (De.Hall).",PHI,LA,56,C,N,4.65,7.915478507329799,39.55235138395693,0.5460684895515442,0.5635652325550715,0.542567962606748,0.017496743003527326,-0.0035005269447961895,RETURN,0.5635652325550715
2018121611,4369,"(3:03) C.Johnston punts 52 yards to LA 33, Center-R.Lovato. J.Natson to LA 36 for 3 yards. FUMBLES, RECOVERED by PHI-D.Alexander at LA 36. D.Alexander to LA 36 for no gain (J.Natson).",PHI,LA,52,C,N,4.81,3.350059700960561,39.88770236551612,0.16040323674678802,0.18919955814878148,0.15925122638543446,0.028796321401993452,-0.001152010361353567,RETURN,0.18919955814878148
2018121700,1445,"(6:54) M.Palardy punts 56 yards to NO 10, Center-J.Jansen. T.Lewis to NO 23 for 13 yards (D.Mayo).",CAR,NO,56,R,N,4.22,20.818484575011695,66.92673158013919,0.4072953462600708,0.43110386818647384,0.4045426869392395,0.023808521926403037,-0.0027526593208312966,RETURN,0.43110386818647384
2018121700,2302,"(12:43) T.Morstead punts 45 yards to CAR 16, Center-Z.Wood. K.Barner to CAR 17 for 1 yard (J.Hardee).",NO,CAR,45,R,N,4.61,11.901214223767246,38.48698481305075,0.6111133098602295,0.6242566967010498,0.6069444960355759,0.013143386840820281,-0.004168813824653617,RETURN,0.6242566967010498
2018121700,2417,"(11:42) M.Palardy punts 50 yards to NO 35, Center-J.Jansen. T.Lewis to NO 34 for -1 yards (J.Carter; C.Jones). PENALTY on NO-J.Robinson, Illegal Block Above the Waist, 10 yards, enforced at NO 34.",CAR,NO,50,L,N,4.59,12.570063643434745,56.558184199990016,0.4299267530441284,0.4450114769736926,0.4274942339460055,0.01508472392956417,-0.0024325190981229206,RETURN,0.4450114769736926
2018122200,2047,"(11:44) (Punt formation) T.Way punts 57 yards to TEN 33, Center-A.East. A.Jackson to TEN 49 for 16 yards (D.Everett).",WAS,TEN,57,R,N,4.23,11.736596610602238,53.37846475873955,0.5296993851661682,0.5458536436160405,0.5265187072753906,0.016154258449872283,-0.0031806778907775834,RETURN,0.5458536436160405
2018122201,1205,"(8:25) D.Jones punts 47 yards to BAL 33, Center-M.Windt. C.Jones to LAC 48 for 19 yards (G.Davis).",LAC,BAL,47,C,N,4.21,2.141074496602123,49.11224898128776,0.5609272718429565,0.5681512852509817,0.5513102263212204,0.007224013408025143,-0.009617045521736145,RETURN,0.5681512852509817
2018122201,2554,"(9:17) D.Jones punts 36 yards to BAL 34, Center-M.Windt. C.Jones to BAL 32 for -2 yards (D.Watt).",LAC,BAL,36,C,N,3.66,12.888894444443247,40.02105071084466,0.6076616048812866,0.6203443602720896,0.5991837173700333,0.012682755390802991,-0.008477887511253335,RETURN,0.6203443602720896
2018122201,3278,"(12:32) S.Koch punts 54 yards to LAC 17, Center-M.Cox. D.King to LAC 26 for 9 yards (M.Cox).",BAL,LAC,54,C,N,4.39,11.27613852344852,43.594678574339774,0.24418123066425323,0.268188020636638,0.23846122473478318,0.024006789972384757,-0.005720005929470057,RETURN,0.268188020636638
2018122201,3686,"(3:12) S.Koch punts 57 yards to LAC 37, Center-M.Cox. D.King to BAL 39 for 24 yards (C.Moore, T.Bowser).",BAL,LAC,57,C,N,3.9,24.54140379032952,50.30202878612353,0.17313364148139954,0.19916039268175761,0.16723375787337622,0.026026751200358078,-0.005899883608023321,RETURN,0.19916039268175761
2018122300,133,"(14:16) R.Sanchez punts 43 yards to NYG 25, Center-L.Rhodes. J.Davis to NYG 25 for no gain (N.Hairston, N.Goode).",IND,NYG,43,C,N,4.58,3.8780020629184824,29.588768139278795,0.4220241606235504,0.43696285158395765,0.42169972519079846,0.01493869096040723,-3.244354327519572e-4,RETURN,0.43696285158395765
2018122300,1235,"(11:10) R.Dixon punts 51 yards to IND 24, Center-Z.DeOssie. C.Rogers to IND 22 for -2 yards (N.Stupar).",NYG,IND,51,C,N,3.35,17.356457011729095,50.8229918442431,0.17865125834941864,0.1899887972076734,0.17580738231539728,0.011337538858254753,-0.0028438760340213642,RETURN,0.1899887972076734
2018122300,3761,"(3:53) R.Dixon punts 52 yards to IND 42, Center-Z.DeOssie. C.Rogers to IND 47 for 5 yards (Z.DeOssie, C.Latimer).",NYG,IND,52,C,N,4.83,8.98581660173409,47.98316892411338,0.2677696943283081,0.292407104720672,0.2493747055530548,0.02463741039236389,-0.018394988775253307,RETURN,0.292407104720672
2018122302,813,"(:57) (Punt formation) M.Haack punts 41 yards to JAX 30, Center-J.Denney. D.Westbrook to JAX 41 for 11 yards (J.Baker).",MIA,JAX,41,C,N,3.56,11.428035701729325,29.291479989921985,0.4279120862483978,0.44605480213960014,0.4270164393385251,0.01814271589120231,-8.956469098727049e-4,RETURN,0.44605480213960014
2018122302,1142,"(10:24) (Punt formation) M.Haack punts 54 yards to JAX 13, Center-J.Denney. D.Westbrook pushed ob at JAX 23 for 10 yards (L.Carroo). PENALTY on JAX-Q.Meeks, Illegal Block Above the Waist, 7 yards, enforced at JAX 14.",MIA,JAX,54,C,N,4.23,6.73935456850282,61.632523881470235,0.427638977766037,0.445099637011687,0.4261585572361946,0.01746065924564999,-0.0014804205298423745,RETURN,0.445099637011687
2018122302,1832,"(:22) (Punt formation) M.Haack punts 52 yards to JAX 18, Center-J.Denney. D.Westbrook to MIA 38 for 44 yards (M.Haack).",MIA,JAX,52,L,N,4.53,9.345185926454317,47.51433152218392,0.4178427755832672,0.43170349021752674,0.415658021569252,0.01386071463425953,-0.002184754014015189,RETURN,0.43170349021752674
2018122302,2413,"(6:20) (Punt formation) L.Cooke punts 45 yards to MIA 8, Center-M.Overton. D.Amendola pushed ob at MIA 17 for 9 yards (B.Bell). Penalty on MIA-B.Bolden, Running Into the Kicker, declined.",JAX,MIA,45,L,A,4.07,10.205106564852716,60.82999342429686,0.5488579273223877,0.5575998238722484,0.541337447365125,0.008741896549860684,-0.007520479957262682,RETURN,0.5575998238722484
2018122302,2605,"(4:02) (Punt formation) M.Haack punts 53 yards to JAX 29, Center-J.Denney. D.Westbrook to JAX 19 for -10 yards (K.Ballage). PENALTY on MIA-K.Ballage, Horse Collar Tackle, 15 yards, enforced at JAX 19.",MIA,JAX,53,R,N,4.51,3.411773732239592,42.38658396238131,0.4514991044998169,0.4712382651368777,0.4461540293693542,0.019739160637060826,-0.005345075130462673,RETURN,0.4712382651368777
2018122302,2717,"(2:27) (Punt formation) L.Cooke punts 42 yards to MIA 25, Center-M.Overton. D.Amendola to MIA 28 for 3 yards (T.Herndon).",JAX,MIA,42,C,N,3.62,5.401897814657363,43.23478807627025,0.5861539244651794,0.5936603597799937,0.5777484460671742,0.007506435314814208,-0.008405478398005206,RETURN,0.5936603597799937
2018122304,966,"(14:56) M.Palardy punts 56 yards to ATL 29, Center-J.Jansen. J.Hardy to ATL 38 for 9 yards (B.Jacobs).",CAR,ATL,56,C,N,4.13,31.450769465944703,46.00650932205137,0.427638977766037,0.45899346729119617,0.4262743840614955,0.03135448952515918,-0.0013645937045415057,RETURN,0.45899346729119617
2018122304,2599,"(12:13) M.Bosher punts 54 yards to CAR 17, Center-J.Condo. K.Barner to CAR 20 for 3 yards (J.Bethel).",ATL,CAR,54,C,N,4.32,12.683729735373584,48.19431501743749,0.2849189341068268,0.3029071252544721,0.2822368350625038,0.017988191147645327,-0.002682099044322983,RETURN,0.3029071252544721
2018122304,3433,"(13:37) M.Bosher punts 49 yards to CAR 20, Center-J.Condo. K.Barner to CAR 33 for 13 yards (K.Ishmael; J.Richards).",ATL,CAR,49,L,N,4.54,4.978925586911294,48.436458375896976,0.07901113480329514,0.07641097608953715,0.06896663706749678,-0.0026001587137579885,-0.010044497735798352,FAIR_CATCH,0.07901113480329514
2018122305,651,"(4:29) B.Colquitt punts 47 yards to CIN 28, Center-C.Hughlett. A.Erickson to CIN 30 for 2 yards (T.Thomas).",CLE,CIN,47,L,N,4.7,3.6028460971848353,36.59381505118044,0.4279120862483978,0.438342238565286,0.4271006016929944,0.010430152316888153,-8.114845554034189e-4,RETURN,0.438342238565286
2018122305,743,"(2:55) K.Huber punts 50 yards to CLE 19, Center-C.Harris. J.Peppers to CLE 26 for 7 yards (C.Fejedelem).",CIN,CLE,50,R,N,4.36,2.27683991532123,41.17993807668971,0.5421303510665894,0.5554600628217061,0.5388086154063543,0.013329711755116769,-0.003321735660235081,RETURN,0.5554600628217061
2018122305,1209,"(8:57) (Punt formation) K.Huber punts 51 yards to CLE 35, Center-C.Harris. J.Peppers to CLE 40 for 5 yards (M.Walton). PENALTY on CLE-T.Thomas, Offensive Holding, 10 yards, enforced at CLE 40.",CIN,CLE,51,C,N,4.47,9.680728278388974,41.00936112645502,0.7903972864151001,0.795049263437589,0.7814405643939972,0.0046519770224888735,-0.00895672202110287,RETURN,0.795049263437589
2018122306,1779,"(2:21) (Punt formation) B.Anger punts 57 yards to DAL 41, Center-G.Sanborn. C.Beasley to TB 46 for 13 yards (J.Rodgers).",TB,DAL,57,R,N,4.86,6.2939335871933,54.88429739005502,0.84284907579422,0.851728788514932,0.8428311377763749,0.008879712720711974,-1.79380178451094e-5,RETURN,0.851728788514932
2018122307,345,"(10:21) M.Wile punts 53 yards to DET 44, Center-K.McDermott. J.Agnew MUFFS catch, and recovers at DET 43. J.Agnew to DET 43 for no gain (J.Kearse).",MIN,DET,54,C,N,4.44,10.296844176736869,49.05188477520512,0.5418533086776733,0.5593475445111593,0.5395882443586986,0.01749423583348597,-0.0022650643189747743,RETURN,0.5593475445111593
2018122307,597,"(6:12) M.Wile punts 46 yards to DET 23, Center-K.McDermott. J.Agnew to DET 32 for 9 yards (E.Wilson).",MIN,DET,46,C,N,4.52,10.456863774574096,41.0918982282396,0.6415961980819702,0.657362423936526,0.6367258920272192,0.015766225854555782,-0.004870306054751028,RETURN,0.657362423936526
2018122307,1373,"(8:33) M.Wile punts 47 yards to DET 30, Center-K.McDermott. J.Agnew ran ob at DET 34 for 4 yards (K.Brothers).",MIN,DET,47,C,N,4.66,7.810870630089842,39.15025925840084,0.7404447197914124,0.7454841806491216,0.7267466219266255,0.005039460857709233,-0.013698097864786818,RETURN,0.7454841806491216
2018122307,2930,"(6:09) M.Wile punts 58 yards to DET 8, Center-K.McDermott. J.Agnew to DET 13 for 5 yards (E.Wilson).",MIN,DET,58,R,N,4.55,8.184259282305272,66.78704739693168,0.21984896063804626,0.23124953985214233,0.21605911458532015,0.011400579214096068,-0.0037898460527261146,RETURN,0.23124953985214233
2018122307,3055,"(4:14) S.Martin punts 52 yards to MIN 39, Center-D.Muhlbach. B.Zylstra pushed ob at MIN 47 for 8 yards (N.Bellore).",DET,MIN,52,C,N,4.06,13.015721263149418,45.90747433697479,0.8323110342025757,0.8475921515623729,0.8309878387053807,0.015281117359797203,-0.0013231954971949511,RETURN,0.8475921515623729
2018122307,3780,"(7:25) M.Wile punts 54 yards to DET 21, Center-K.McDermott. J.Agnew to DET 32 for 11 yards (A.Abdullah). PENALTY on DET-M.Cooper, Offensive Holding, 10 yards, enforced at DET 21.",MIN,DET,54,R,N,4.41,24.924688563751403,53.73941291082366,0.032161906361579895,0.038287845434000094,0.030631088030834995,0.006125939072420199,-0.0015308183307449,RETURN,0.038287845434000094
2018122308,1124,"(13:59) R.Allen punts 51 yards to BUF 22, Center-J.Cardona. I.McKenzie to BUF 26 for 4 yards (J.Jones).",NE,BUF,51,L,N,3.96,18.686093759799014,58.432225697811646,0.23579837381839752,0.2492353619635105,0.23536910071969033,0.013436988145112988,-4.292730987071891e-4,RETURN,0.2492353619635105
2018122308,1216,"(12:29) M.Darr punts 45 yards to NE 22, Center-R.Ferguson. J.Edelman to NE 34 for 12 yards (L.Alexander). PENALTY on BUF-L.Pitts, Illegal Block Above the Waist, 10 yards, enforced at NE 34.",BUF,NE,45,C,N,3.63,12.33390854514497,49.55893965774491,0.7603381276130676,0.7719450814028581,0.7516980089743932,0.011606953789790486,-0.008640118638674421,RETURN,0.7719450814028581
2018122308,2282,"(11:27) R.Allen punts 47 yards to BUF 33, Center-J.Cardona. I.McKenzie to BUF 41 for 8 yards (M.Slater).",NE,BUF,47,L,N,4.33,6.289904609769536,40.72717520280532,0.13465982675552368,0.14196494872371357,0.12999061624209085,0.007305121968189887,-0.004669210513432831,RETURN,0.14196494872371357
2018122308,3289,"(11:06) M.Darr punts 38 yards to BUF 49, Center-R.Ferguson. J.Edelman pushed ob at BUF 24 for 25 yards (J.Croom).",BUF,NE,38,L,N,4.01,14.02346961347298,37.39953208263441,0.9816368222236633,0.9821781623736023,0.9814002617200216,5.413401499390069e-4,-2.365605036417362e-4,RETURN,0.9821781623736023
2018122309,341,"(9:08) J.Scott punts 37 yards to NYJ 15, Center-H.Bradley. A.Roberts ran ob at GB 45 for 40 yards (J.Scott). PENALTY on NYJ-A.Wint, Illegal Block Above the Waist, 10 yards, enforced at NYJ 27.",GB,NYJ,37,C,A,3.76,7.320000000000003,34.42890791181155,0.5392913818359375,0.5547354412078858,0.5361043999592463,0.01544405937194826,-0.0031869818766911973,RETURN,0.5547354412078858
2018122309,3195,"(:28) J.Scott punts 24 yards to NYJ 32, Center-H.Bradley. C.Herndon MUFFS catch, ball out of bounds at NYJ 21.",GB,NYJ,35,C,A,4.87,1.6361540269791284,23.146734110884843,0.9794074296951294,0.9783810182909171,0.977405806183815,-0.0010264114042123351,-0.0020016235113143876,FAIR_CATCH,0.9794074296951294
2018122310,128,"(13:46) T.Daniel punts 48 yards to PHI 12, Center-J.Weeks. D.Sproles to PHI 23 for 11 yards (J.Reid).",HOU,PHI,48,L,A,3.49,15.9971247416528,42.01001904308066,0.5469689965248108,0.55794458091259,0.5423654288053512,0.010975584387779236,-0.004603567719459578,RETURN,0.55794458091259
2018122310,967,"(13:05) C.Johnston punts 48 yards to HOU 17, Center-R.Lovato. D.Carter to HOU 25 for 8 yards (N.Gerry).",PHI,HOU,48,C,N,3.74,19.177145251574856,44.66766727734951,0.30557554960250854,0.3231776696443558,0.30525447726249694,0.017602120041847247,-3.210723400116078e-4,RETURN,0.3231776696443558
2018122311,2785,"(4:15) A.Lee punts 56 yards to LA 18, Center-A.Brewer. J.Natson to LA 29 for 11 yards (C.Edmonds). PENALTY on LA-B.Hager, Illegal Block Above the Waist, 10 yards, enforced at LA 18.",ARI,LA,56,L,N,4.76,2.6219077024182194,38.27546080715424,0.951362669467926,0.9523159971088171,0.946937335729599,9.533276408910663e-4,-0.004425333738326986,RETURN,0.9523159971088171
2018122311,2998,"(:35) J.Hekker punts 59 yards to ARI 16, Center-J.McQuaide. P.Cooper pushed ob at ARI 17 for 1 yard (S.Shields).",LA,ARI,59,C,N,5.02,13.981004971031233,47.08856761465568,0.05734087899327278,0.0709300850580136,0.05777477146436771,0.013589206064740816,4.338924710949252e-4,RETURN,0.0709300850580136
2018122311,3616,"(8:26) A.Lee punts 55 yards to LA 23, Center-A.Brewer. J.Natson to LA 49 for 26 yards (A.Brewer).",ARI,LA,55,C,N,4.39,6.489514619753926,32.80617777187705,0.9998594522476196,0.9998105417964204,0.9997397907574972,-4.891045119925774e-5,-1.1966149012243577e-4,FAIR_CATCH,0.9998594522476196
2018122314,117,"(14:10) D.Colquitt punts 48 yards to SEA 19, Center-J.Winchester. T.Lockett to SEA 23 for 4 yards (J.Winchester). FUMBLES (J.Winchester), recovered by SEA-T.Flowers at SEA 22. T.Flowers to SEA 22 for no gain (B.Niemann).",KC,SEA,48,C,N,4.55,9.697015004629002,28.20468223540198,0.5418533086776733,0.5562082223097483,0.5392127080758413,0.014354913632074973,-0.0026406006018320216,RETURN,0.5562082223097483
2018122314,3165,"(:30) D.Colquitt punts 39 yards to SEA 21, Center-J.Winchester. T.Lockett ran ob at SEA 31 for 10 yards (C.West).",KC,SEA,39,R,N,3.84,11.360633785137168,33.87329331494061,0.82635098695755,0.8429555042584738,0.8257897786299387,0.016604517300923716,-5.612083276113067e-4,RETURN,0.8429555042584738
2018122400,241,"(10:35) C.Wadman punts 65 yards to OAK 1, Center-C.Kreiter. D.Harris for 99 yards, TOUCHDOWN. The Replay Official reviewed the kick touched ruling, and the play was Upheld. The ruling on the field stands.",DEN,OAK,65,C,N,5.06,5.669303308167588,43.06419510451809,0.5418533086776733,0.5605748391151428,0.5397712667783101,0.01872153043746949,-0.0020820418993632295,RETURN,0.5605748391151428
2018122400,2467,"(9:36) C.Wadman punts 50 yards to OAK 25, Center-C.Kreiter. D.Harris to OAK 32 for 7 yards (J.Jewell, J.Jones).",DEN,OAK,50,C,N,4.44,6.003707188063044,36.20194746142809,0.9484851956367493,0.949588483646512,0.9465108708540598,0.0011032880097627817,-0.0019743247826894406,RETURN,0.949588483646512
2018123000,2502,"(12:50) (Punt formation) S.Koch punts 53 yards to CLE 15, Center-M.Cox. A.Callaway to BAL 48 for 37 yards (M.Williams).",BAL,CLE,53,C,N,4.17,19.073240416877248,43.71121709584394,0.09124892204999924,0.10510369325677554,0.08772968898216883,0.013854771206776306,-0.0035192330678304046,RETURN,0.10510369325677554
2018123000,3106,"(3:04) (Punt formation) S.Koch punts 56 yards to CLE 15, Center-M.Cox. A.Callaway ran ob at CLE 23 for 8 yards.",BAL,CLE,56,L,A,4.05,17.348005649065254,37.55463353569038,0.1428941786289215,0.15867049937446912,0.13861011512577534,0.015776320745547606,-0.004284063503146168,RETURN,0.15867049937446912
2018123000,4148,"(2:00) (Punt formation) S.Koch punts 51 yards to CLE 25, Center-M.Cox. A.Callaway to CLE 26 for 1 yard (A.Levine Sr.).",BAL,CLE,51,L,A,4.25,8.842002035738284,48.36082815668069,0.33275794982910156,0.3321503515044848,0.31854585627714793,-6.075983246167649e-4,-0.01421209355195363,FAIR_CATCH,0.33275794982910156
2018123001,1223,"(10:53) M.Haack punts 36 yards to BUF 26, Center-J.Denney. I.McKenzie to BUF 26 for no gain (M.Smith, S.Perry).",MIA,BUF,36,C,A,4.35,2.3400000000000034,32.6056145471911,0.8879079222679138,0.8899623699237903,0.8869006476799647,0.002054447655876479,-0.0010072745879491363,RETURN,0.8899623699237903
2018123001,1326,"(9:13) M.Darr punts 35 yards to MIA 44, Center-R.Ferguson. D.Amendola to BUF 48 for 8 yards (S.Neal).",BUF,MIA,35,L,N,3.15,6.751925651249425,46.29261388169823,0.11038396507501602,0.11284252685805161,0.10621493846178055,0.0024585617830355927,-0.004169026613235469,RETURN,0.11284252685805161
2018123001,1538,"(4:33) M.Darr punts 32 yards to MIA 48, Center-R.Ferguson. D.Amendola to MIA 49 for 1 yard (S.Neal).",BUF,MIA,32,C,N,2.99,6.28,49.032081334571146,0.1085948795080185,0.11036658716698487,0.10455197749038538,0.0017717076589663788,-0.004042902017633118,RETURN,0.11036658716698487
2018123001,2289,"(13:58) M.Haack punts 54 yards to BUF 13, Center-J.Denney. I.McKenzie pushed ob at BUF 22 for 9 yards (S.Perry).",MIA,BUF,54,C,N,4.74,11.573733192017176,53.42898838645552,0.5460684895515442,0.5633143303791682,0.5427871872981389,0.017245840827624037,-0.0032813022534052827,RETURN,0.5633143303791682
2018123002,2362,"(11:50) J.Scott punts 49 yards to DET 21, Center-H.Bradley. T.Jones to DET 46 for 25 yards (D.Vitale).",GB,DET,49,C,N,4.3,6.825254574006751,52.8720209562676,0.954700767993927,0.9568465990821521,0.9533021308978399,0.002145831088225081,-0.0013986370960871186,RETURN,0.9568465990821521
2018123002,3146,"(13:33) S.Martin punts 47 yards to GB 28, Center-D.Muhlbach. J.Jackson to GB 37 for 9 yards (T.Walker). PENALTY on GB-T.Brown, Illegal Block Above the Waist, 10 yards, enforced at GB 28.",DET,GB,47,C,N,3.35,11.262797165890898,54.677407583022806,0.003312004031613469,0.0034332761246090135,0.003207024486425022,1.2127209299554438e-4,-1.0497954518844718e-4,RETURN,0.0034332761246090135
2018123003,133,"(14:01) T.Daniel punts 50 yards to JAX 21, Center-J.Weeks. D.Westbrook to JAX 38 for 17 yards (J.Reid).",HOU,JAX,50,C,N,4.09,6.686770520961524,33.653130612173364,0.4220241606235504,0.43935380766789117,0.42100503007570905,0.017329647044340757,-0.0010191305478413626,RETURN,0.43935380766789117
2018123003,228,"(12:16) L.Cooke punts 49 yards to HOU 12, Center-M.Overton, downed by JAX-D.Chark. Jacksonville challenged the kick downed ruling, and the play was REVERSED. L.Cooke punts 49 yards to HOU 12, Center-M.Overton. D.Carter MUFFS catch, RECOVERED by JAX-B.Brown at HOU 10.",JAX,HOU,51,C,N,4.85,0.8026207074328428,31.3444891488121,0.5418533086776733,0.5555907623966535,0.5388252399365108,0.013737453718980164,-0.0030280687411625706,RETURN,0.5555907623966535
2018123003,921,"(1:42) T.Daniel punts 36 yards to HOU 49, Center-J.Weeks. D.Westbrook MUFFS catch, RECOVERED by HOU-Z.Cunningham at HOU 49. Z.Cunningham ran ob at HOU 49 for no gain.",HOU,JAX,36,L,N,4.07,3.5395197414338564,34.721954150076286,0.4279120862483978,0.43934042533238726,0.42628797243038813,0.011428339083989436,-0.0016241138180096981,RETURN,0.43934042533238726
2018123003,1209,"(12:46) L.Cooke punts 48 yards to HOU 19, Center-M.Overton. D.Carter to HOU 30 for 11 yards (D.Chark).",JAX,HOU,48,C,N,4.68,9.900161614842457,52.16342205032183,0.7469261884689331,0.7663394972185293,0.7465219322840373,0.019413308749596236,-4.042561848958126e-4,RETURN,0.7663394972185293
2018123003,1560,"(7:41) L.Cooke punts 49 yards to HOU 36, Center-M.Overton. D.Carter to HOU 37 for 1 yard (C.Davis; L.McCray).",JAX,HOU,49,C,N,4.53,3.8452048059888857,34.987634958653615,0.7903972864151001,0.7948727441827456,0.7841492519776027,0.004475457767645463,-0.006248034437497441,RETURN,0.7948727441827456
2018123003,1958,"(1:46) L.Cooke punts 53 yards to HOU 27, Center-M.Overton. D.Carter to HOU 32 for 5 yards (D.Payne; L.McCray).",JAX,HOU,53,C,N,4.66,8.459462157844314,38.06910033084575,0.9184808731079102,0.9179373561839262,0.9117671261231105,-5.43516923983911e-4,-0.006713746984799651,FAIR_CATCH,0.9184808731079102
2018123003,2065,"(:56) T.Daniel punts 43 yards to JAX 29, Center-J.Weeks. D.Westbrook pushed ob at JAX 43 for 14 yards (J.Bademosi; T.Adams). PENALTY on JAX-D.Payne, Offensive Holding, 10 yards, enforced at JAX 22.",HOU,JAX,43,C,N,4.2,7.620026246673956,37.68498507363377,0.0972185879945755,0.09967966405053934,0.09201218311985335,0.0024610760559638373,-0.005206404874722154,RETURN,0.09967966405053934
2018123003,3377,"(9:26) L.Cooke punts 50 yards to HOU 25, Center-M.Overton. D.Carter to JAX 45 for 30 yards (Q.Meeks).",JAX,HOU,50,C,N,4.7,8.470005903185664,33.231292481635435,0.9958416819572449,0.9953927090639869,0.9958672438065211,-4.489728932579595e-4,2.55618492762677e-5,BOUNCE,0.9958672438065211
2018123004,2174,"(:23) J.Townsend punts 48 yards to KC 40, Center-T.Sieg. T.Hill to KC 43 for 3 yards (L.Smith). PENALTY on KC-G.Dieter, Illegal Block Above the Waist, 10 yards, enforced at KC 43.",OAK,KC,48,C,N,4.37,13.52210782385646,47.574289274775296,0.9333823919296265,0.936427421271801,0.9313330497344335,0.0030450293421745434,-0.002049342195192927,RETURN,0.936427421271801
2018123005,419,"(8:42) M.Wile punts 43 yards to CHI 31, Center-K.McDermott. T.Cohen MUFFS catch, and recovers at CHI 29. T.Cohen to CHI 29 for no gain (J.Kearse).",MIN,CHI,45,C,N,4.92,1.587734234687907,39.937457355219806,0.6320363879203796,0.6481612666447958,0.6297232377529144,0.016124878724416147,-0.00231315016746525,RETURN,0.6481612666447958
2018123005,541,"(7:00) P.O'Donnell punts 46 yards to MIN 21, Center-P.Scales. B.Zylstra to MIN 25 for 4 yards (I.Irving).",CHI,MIN,46,C,N,3.71,5.298311051646554,40.492053541404886,0.33136123418807983,0.347390143374602,0.3293245354294777,0.016028909186522167,-0.002036698758602129,RETURN,0.347390143374602
2018123005,993,"(13:15) M.Wile punts 65 yards to CHI 32, Center-K.McDermott. T.Cohen to CHI 30 for -2 yards (E.Wilson; K.Brothers). PENALTY on CHI-P.O'Donnell, Unsportsmanlike Conduct, 15 yards, enforced at CHI 30. Bench interfered with the official",MIN,CHI,65,R,N,4.65,23.5007276483091,51.58613185731219,0.653631329536438,0.6870295642813047,0.6524973142147065,0.033398234744866695,-0.0011340153217315185,RETURN,0.6870295642813047
2018123006,303,"(10:26) L.Edwards punts 51 yards to NE 33, Center-T.Hennessy. J.Edelman to NE 41 for 8 yards (T.Cannon).",NYJ,NE,51,C,N,4.13,8.355082285651052,56.65594408356462,0.5799764394760132,0.58961807221174245,0.5710220334927241,0.009641632735729266,-0.008954405983289115,RETURN,0.58961807221174245
2018123006,2025,"(13:22) L.Edwards punts 47 yards to NE 30, Center-T.Hennessy. J.Edelman to NE 28 for -2 yards (T.Cannon).",NYJ,NE,47,C,N,4.26,2.53852319272446,40.154845286714774,0.9579982161521912,0.9550155986845493,0.9541852176189423,-0.002982617467641835,-0.0038129985332489014,FAIR_CATCH,0.9579982161521912
2018123006,2157,"(12:29) R.Allen punts 43 yards to NYJ 39, Center-J.Cardona. A.Roberts pushed ob at NYJ 39 for no gain (M.Slater).",NE,NYJ,43,L,N,3.83,1.4266744548074144,41.99191946077246,0.07405198365449905,0.07658623076975346,0.07034184236079455,0.0025342471152544066,-0.0037101412937045053,RETURN,0.07658623076975346
2018123007,2554,"(7:34) M.Palardy punts 51 yards to NO 26, Center-J.Jansen. T.Lewis to NO 28 for 2 yards (M.Haynes; C.Jones).",CAR,NO,51,L,N,4.58,13.283301547431648,52.94089629010827,0.011873629875481129,0.011493517539153496,0.0109887221083045,-3.8011233632763257e-4,-8.849077671766285e-4,FAIR_CATCH,0.011873629875481129
2018123007,3882,"(2:00) M.Palardy punts 57 yards to NO 16, Center-J.Jansen. T.Lewis to NO 32 for 16 yards (A.Smith).",CAR,NO,57,L,N,4.41,24.486406432957867,50.52764193983329,0.0010849934769794345,0.001157143812160939,0.0010964821170394619,7.21503351815045e-5,1.1488640060027368e-5,RETURN,0.001157143812160939
2018123008,2319,"(13:24) C.Jones punts 45 yards to NYG 36, Center-L.Ladouceur. C.Coleman to DAL 45 for 19 yards (J.Olawale).",DAL,NYG,45,L,N,4.55,9.464586625944102,38.59547382789853,0.33754250407218933,0.33757646958033244,0.3234316247701645,3.3965508143107837e-05,-0.014110879302024815,RETURN,0.33757646958033244
2018123009,756,"(1:07) (Punt formation) K.Huber punts 52 yards to PIT 8, Center-C.Harris. R.Switzer to PIT 18 for 10 yards (C.Worley).",CIN,PIT,52,C,N,4.22,4.669775155186811,62.81616432097713,0.5344981551170349,0.5515497491757075,0.5304124377171199,0.017051594058672626,-0.004085717399915034,RETURN,0.5515497491757075
2018123009,1176,"(8:54) (Punt formation) J.Berry punts 30 yards to CIN 17, Center-K.Canaday. A.Erickson to CIN 18 for 1 yard (Te.Edmunds, C.Sutton).",PIT,CIN,30,C,N,4.29,6.627948400523344,42.501807020407966,0.6571828722953796,0.6699772266546885,0.653454362154007,0.012794354359308868,-0.003728510141372654,RETURN,0.6699772266546885
2018123009,2252,"(8:21) (Punt formation) K.Huber punts 35 yards to PIT 41, Center-C.Harris. R.Switzer to PIT 47 for 6 yards (C.Harris).",CIN,PIT,35,C,N,3.43,8.360149520193994,45.92964293351299,0.2778995633125305,0.28814579476912816,0.2750647442539533,0.010246231456597643,-0.0028348190585772426,RETURN,0.28814579476912816
2018123009,2477,"(5:30) (Punt formation) K.Huber punts 50 yards to PIT 22, Center-C.Harris. R.Switzer to PIT 26 for 4 yards (M.Walton, C.Fejedelem).",CIN,PIT,50,C,N,4.67,11.7253102304374,46.55471834304231,0.28016456961631775,0.29398705810308456,0.2755829340219498,0.013822488486766815,-0.004581635594367972,RETURN,0.29398705810308456
2018123010,125,"(14:13) B.Anger punts 59 yards to ATL 8, Center-G.Sanborn. J.Hardy to ATL 24 for 16 yards (G.Sanborn; J.Rodgers).",TB,ATL,59,C,N,4.79,17.424824245885524,44.85435207424135,0.4220241606235504,0.4456093359986941,0.4217952941854795,0.023585175375143708,-2.2886643807090712e-4,RETURN,0.4456093359986941
2018123010,1091,"(12:50) M.Bosher punts 40 yards to TB 39, Center-J.Condo. A.Humphries MUFFS catch, and recovers at TB 40. A.Humphries ran ob at TB 47 for 7 yards (R.Gage).",ATL,TB,40,R,N,3.6,3.280320106331091,51.0684755989446,0.7818965315818787,0.784865731994311,0.7776717191934586,0.0029692004124323157,-0.004224812388420096,RETURN,0.784865731994311
2018123010,1497,"(5:17) M.Bosher punts 56 yards to TB 10, Center-J.Condo. A.Humphries to TB 12 for 2 yards (J.Bethel).",ATL,TB,56,C,N,4.8,12.155332163293604,39.74927672297951,0.8315079212188721,0.843742066224416,0.8297960811853409,0.012234145005543984,-0.0017118400335311978,RETURN,0.843742066224416
2018123010,1621,"(3:08) B.Anger punts 58 yards to ATL 18, Center-G.Sanborn. J.Hardy to ATL 30 for 12 yards (G.Sanborn).",TB,ATL,58,R,N,4.64,14.028132448761664,54.36839707035696,0.17239001393318176,0.18242774630586306,0.17151963725686073,0.010037732372681296,-8.70376676321033e-4,RETURN,0.18242774630586306
2018123011,1435,"(5:10) (Punt formation) R.Sanchez punts 51 yards to TEN 15, Center-L.Rhodes. A.Jackson MUFFS catch, RECOVERED by IND-C.Milton at TEN 9. C.Milton to TEN 9 for no gain (A.Jackson).",IND,TEN,57,L,N,4.22,7.4303835701799406,61.726416549156646,0.2975868582725525,0.3137543020645777,0.2949947610497475,0.016167443792025227,-0.002592097222805012,RETURN,0.3137543020645777
2018123011,2834,"(5:41) (Punt formation) B.Kern punts 54 yards to IND 7, Center-B.Brinkley. C.Rogers to IND 7 for no gain (D.Cruikshank).",TEN,IND,54,C,N,4.42,3.349701479236614,62.03144766971024,0.9316592812538147,0.9326644143462182,0.9257189001639684,0.0010051330924034652,-0.005940381089846292,RETURN,0.9326644143462182
2018123011,3068,"(2:36) (Punt formation) R.Sanchez punts 40 yards to TEN 35, Center-L.Rhodes. A.Jackson pushed ob at TEN 45 for 10 yards (N.Hines).",IND,TEN,40,R,N,3.64,14.51580173466144,47.3634299855912,0.1115822046995163,0.11517737465600172,0.10741424868504207,0.003595169956485428,-0.004167956014474228,RETURN,0.11517737465600172
2018123012,516,"(7:50) C.Johnston punts 45 yards to WAS 37, Center-R.Lovato. J.Crowder to WAS 46 for 9 yards (K.Grugier-Hill).",PHI,WAS,45,C,N,4.05,14.657864783112172,31.780580548504776,0.5392913818359375,0.5585155882438024,0.5355848828951518,0.01922420640786493,-0.003706498940785674,RETURN,0.5585155882438024
2018123012,608,"(6:50) T.Way punts 39 yards to PHI 19, Center-A.East. D.Sproles to PHI 21 for 2 yards (A.Alexander).",WAS,PHI,39,R,N,3.91,3.403659794985389,59.55444987572298,0.42421573400497437,0.4365181968609492,0.4220036642750104,0.01230246285597486,-0.0022120697299639613,RETURN,0.4365181968609492
2018123012,2939,"(13:02) C.Johnston punts 42 yards to WAS 35, Center-R.Lovato. J.Crowder to WAS 46 for 11 yards (L.Reynolds).",PHI,WAS,42,C,N,3.51,9.369653141925792,45.26942124657659,0.03618396818637848,0.039358995345731576,0.03573181378344695,0.003175027159353097,-4.5215440293153164e-4,RETURN,0.039358995345731576
2018123013,585,"(6:51) C.Wadman punts 55 yards to LAC 21, Center-C.Kreiter. T.Benjamin to LAC 21 for no gain (B.Langley). PENALTY on LAC-K.Wilson, Offensive Holding, 10 yards, enforced at LAC 21.",DEN,LAC,55,L,N,4.57,1.9932385707686855,46.47899418016702,0.4214259386062622,0.4358481040596962,0.4191950109601021,0.014422165453434,-0.002230927646160119,RETURN,0.4358481040596962
2018123013,1003,"(:16) D.Jones punts 39 yards to DEN 32, Center-M.Windt. R.Cracraft to DEN 35 for 3 yards (H.Pullard). PENALTY on DEN-D.Thomas, Illegal Block Above the Waist, 10 yards, enforced at DEN 32.",LAC,DEN,39,C,A,4.1,4.850938053613961,32.611096271054734,0.5650557279586792,0.5748820553223292,0.5621692554155986,0.009826327363649967,-0.0028864725430806093,RETURN,0.5748820553223292
2018123013,3260,"(12:30) D.Jones punts 41 yards to DEN 41, Center-M.Windt. R.Cracraft to DEN 44 for 3 yards (D.Watt).",LAC,DEN,41,C,N,4.02,11.86703417033928,34.13107235350217,0.1087207943201065,0.12523883904019992,0.10808970128496488,0.01651804472009341,-6.31093035141625e-4,RETURN,0.12523883904019992
2018123014,1602,"(11:23) B.Pinion punts 44 yards to LA 22, Center-C.Holba. J.Natson MUFFS catch, touched at LA 22, and recovers at LA 19. J.Natson to LA 14 for -5 yards (M.Nzeocha).",SF,LA,44,C,N,3.34,10.837439734549855,45.89649768773212,0.9253053069114685,0.9301449534048637,0.9263019726673762,0.004839646493395189,9.96665755907733e-4,RETURN,0.9301449534048637
2018123015,592,"(5:35) M.Dickson punts 46 yards to ARI 34, Center-T.Ott. P.Cooper to ARI 39 for 5 yards (B.Mingo, T.Madden).",SEA,ARI,46,C,N,4.1,16.69572699824718,40.358435301681354,0.5411574840545654,0.5643491744995117,0.5395116345087687,0.02319169044494629,-0.0016458495457967182,RETURN,0.5643491744995117
2018123015,1714,"(3:43) M.Dickson punts 54 yards to ARI 34, Center-T.Ott. P.Cooper pushed ob at SEA 21 for 45 yards (B.Mingo).",SEA,ARI,54,R,N,4.36,10.254403931969907,58.22067330424821,0.3159448206424713,0.32829200396935143,0.30849081933498385,0.012347183326880118,-0.007454001307487468,RETURN,0.32829200396935143
2018123015,1958,"(:57) M.Dickson punts 42 yards to ARI 33, Center-T.Ott. P.Cooper to ARI 36 for 3 yards (M.Alexander).",SEA,ARI,42,C,N,3.9,9.859999999999992,34.723371092104514,0.40902772545814514,0.41678844263156256,0.39920790632565817,0.00776071717341742,-0.009819819132486973,RETURN,0.41678844263156256
2018123015,2277,"(13:54) M.Dickson punts 44 yards to ARI 25, Center-T.Ott. P.Cooper to ARI 19 for -6 yards (M.Alexander).",SEA,ARI,44,C,N,3.04,19.771696942852433,48.1028699767488,0.4322803318500519,0.45104500899712247,0.4310071967045466,0.018764677147070585,-0.0012731351455052553,RETURN,0.45104500899712247
2018123015,2489,"(10:47) M.Dickson punts 60 yards to ARI 25, Center-T.Ott. P.Cooper MUFFS catch, and recovers at ARI 20. P.Cooper pushed ob at ARI 39 for 19 yards (S.Luani).",SEA,ARI,65,C,N,4.4,25.185813467108822,54.41239013313053,0.4322803318500519,0.4679711590210597,0.4307390140493711,0.0356908271710078,-0.001541317800680786,RETURN,0.4679711590210597